Data Inclusão,Hora Inclusão,Data Evento,Hora Evento,IMEI,Sequência,Tipo Mensagem,Máscara,Tipo Dispositivo,Versão Protocolo,Versão Firmware,Bateria Interna,Alimentação Externa,Analog Input Mode,Analog Input1 Voltage,Digital Input Status,Digital Output Status,Motion Status,Satélites, Report type, Duração da Ignição,Precisão GNSS,Velocidade,Azimuth,Altitude,Latitude,Longitude,GNSS UTC Time,MCC,MNC,LAC,Cell ID,Hodômetro Atual,Hodômetro Total,Horímetro Atual,Horímetro Total,Motivo Power Off,Motivo Power On, Diferença dos tempos a partir do IGN, Diferença de tempos a partir do IGF, Time fix
09/04/2025,08:06:06,,,,0x2b81,HBD
09/04/2025,10:11:58,,,,0x2bc3,HBD
09/04/2025,10:11:59,09/04/2025,09:07:22,8674886293973,0x2ba3,GTPFR,0x00fe7fbf,802003,0x0902,0x0915,0,11513,0000,0000,01,00,21,00,-,-,00,000000,0000,0x0000,00000000,00000000,00000000000000,0724,0006,c4a7,07a71416,0x000000,0x0000000000,0x000000,0x000000000000,03,-
09/04/2025,10:11:59,-, -, -, 0x2b97,GTBCS, -, -, -, -, -, -, -, -, -, -, -, -, -, -, -, -, -, -, -, -, -, -, -, -, -, -, -, -, -, -, -, -
09/04/2025,10:12:00,09/04/2025,10:09:50,8674886293973,0x2bc2,GTPFR,0x00fe7fbf,802003,0x0902,0x0915,0,11530,0000,0000,01,00,22,00,-,-,00,000000,0000,0x0000,00000000,00000000,00000000000000,0724,0006,c4a7,07a71434,0x000000,0x0000000000,0x000000,0x000000000000,03,-
09/04/2025,10:12:01,09/04/2025,09:09:15,8674886293973,0x2ba5,GTPNR,0x00fe7fbf,802003,0x0902,0x0915,0,0,0000,0000,00,00,41,00,-,-,00,000000,0000,0x0000,00000000,00000000,00000000000000,0000,0000,0000,00000000,0x000000,0x0000000000,0x000000,0x000000000000,-,03, -,-
09/04/2025,10:12:01,09/04/2025,09:09:17,8674886293973,0x2ba6,GTIGN,0x00fe7fbf,802003,0x0902,0x0915,0,0,0000,0000,01,00,21,00,-,3,00,000000,0000,0x0000,00000000,00000000,00000000000000,0724,0006,c4a7,07a71416,0x000000,0x0000000000,0x000000,0x000000000000,-,-,-,-, None
09/04/2025,10:12:02,09/04/2025,09:09:18,8674886293973,0x2ba7,GTMPN,0x00fe7fbf,802003,0x0902,0x0915,0,11458,0000,0000,01,00,21,00,-,-,00,000000,0000,0x0000,00000000,00000000,00000000000000,0724,0006,c4a7,07a71416,0x000000,0x0000000000,0x000000,0x000000000000,-,-,-,-, None
09/04/2025,10:12:02,09/04/2025,09:11:46,8674886293973,0x2ba9,GTRTL,0x00fe7fbf,802003,0x0902,0x0915,0,11473,0000,0000,01,00,21,00,-,-,00,000000,0000,0x0000,00000000,00000000,00000000000000,0724,0006,c4a7,07a71416,0x000000,0x0000000000,0x000000,0x000000000000,-,-,-,-,None
09/04/2025,10:12:03,01/01/2020,00:00:07,8674886293973,0x2bc4,GTPNR,0x00fe7fbf,802003,0x0902,0x0915,0,0,0000,0000,00,00,41,00,-,-,00,000000,0000,0x0000,00000000,00000000,00000000000000,0000,0000,0000,00000000,0x000000,0x0000000000,0x000000,0x000000000000,-,03, -,-
09/04/2025,10:12:04,01/01/2020,00:00:09,8674886293973,0x2bc5,GTIGN,0x00fe7fbf,802003,0x0902,0x0915,0,0,0000,0000,01,00,21,00,-,0,00,000000,0000,0x0000,00000000,00000000,00000000000000,0724,0006,c4a7,07a71416,0x000000,0x0000000000,0x000000,0x000000000000,-,-,-,-, None
09/04/2025,10:12:05,01/01/2020,00:00:09,8674886293973,0x2bc6,GTMPN,0x00fe7fbf,802003,0x0902,0x0915,0,11526,0000,0000,01,00,21,00,-,-,00,000000,0000,0x0000,00000000,00000000,00000000000000,0724,0006,c4a7,07a71416,0x000000,0x0000000000,0x000000,0x000000000000,-,-,-,-, None
09/04/2025,10:12:07,-, -, -, 0x2bc7,GTBCS, -, -, -, -, -, -, -, -, -, -, -, -, -, -, -, -, -, -, -, -, -, -, -, -, -, -, -, -, -, -, -, -
09/04/2025,10:13:05,AT+GTCFG=gv58cg,,,,,,,,,,,,,,,,,,,,,1,FFFF$
09/04/2025,10:13:10,01/01/2020,00:01:19,8674886293973,0x2bc8,GTIGF,0x00fe7fbf,802003,0x0902,0x0915,0,11473,0000,0000,00,00,12,00,-,3726,00,000000,0000,0x0000,00000000,00000000,00000000000000,0724,0006,c4a7,07a7140c,0x000000,0x0000000000,0x000000,0x000000000000,-,-,-,-, None
09/04/2025,10:13:11,01/01/2020,00:01:20,8674886293973,0x2bc9,GTIGN,0x00fe7fbf,802003,0x0902,0x0915,0,11473,0000,0000,01,00,22,00,-,0,00,000000,0000,0x0000,00000000,00000000,00000000000000,0724,0006,c4a7,07a7140c,0x000000,0x0000000000,0x000000,0x000000000000,-,-,-,-, None
09/04/2025,10:13:12,AT+GTCFG=gv58cg,,,,,,,,,,,,,,,,,,,,,1,FFFF$
09/04/2025,10:13:12,,,,0x2bca,ACK
09/04/2025,10:13:58,,,,0x2bcb,HBD
09/04/2025,10:14:29,09/04/2025,10:14:31,8674886293973,0x2bcc,GTRTL,0x00fe7fbf,802003,0x0902,0x0915,0,11462,0000,0000,01,00,21,00,-,-,00,000000,0000,0x0000,00000000,00000000,00000000000000,0724,0006,c4a7,07a71434,0x000000,0x0000000000,0x000000,0x000000000000,-,-,-,-,None
09/04/2025,10:15:58,,,,0x2bcd,HBD
09/04/2025,10:18:18,,,,0x2bce,HBD
09/04/2025,10:18:19,09/04/2025,10:18:07,8674886293973,0x2bcf,GTIGF,0x00fe7fbf,802003,0x0902,0x0915,0,11474,0000,0000,00,00,12,00,-,294,00,000000,0000,0x0000,00000000,00000000,00000000000000,0724,0006,c4a7,07a71434,0x000000,0x0000000000,0x000000,0x000000000000,-,-,-,-, None
09/04/2025,10:18:19,09/04/2025,10:18:08,8674886293973,0x2bd0,GTIGN,0x00fe7fbf,802003,0x0902,0x0915,0,11474,0000,0000,01,00,22,00,-,1,00,000000,0000,0x0000,00000000,00000000,00000000000000,0724,0006,c4a7,07a71434,0x000000,0x0000000000,0x000000,0x000000000000,-,-,-,-, None
09/04/2025,10:19:30,,,,0x2bd1,ACK
09/04/2025,10:19:59,,,,0x2bd2,HBD
09/04/2025,10:21:59,,,,0x2bd3,HBD
09/04/2025,10:22:10,,,,0x2bd4,ACK
09/04/2025,10:22:16,09/04/2025,10:22:19,8674886293973,0x2bd5,GTIGF,0x00fe7fbf,802003,0x0902,0x0915,0,11464,0000,0000,00,00,12,00,-,250,00,000000,0000,0x0000,00000000,00000000,00000000000000,0724,0006,c4a7,07a71434,0x000000,0x0000000000,0x000000,0x000000000000,-,-,-,-, None
09/04/2025,10:22:16,09/04/2025,10:22:19,8674886293973,0x2bd6,GTFRI,0x00fe2fbf,802003,0x0902,0x0915,0,-,0000,-,00,00,12,00,-,00,000000,0000,0x0000,00000000,00000000,00000000000000,0724,0006,c4a7,07a71434,0x000000,0x0000000000,0x000000,0x000000000000,-,-, -, None, None 
09/04/2025,10:22:17,09/04/2025,10:22:19,8674886293973,0x2bd7,GTIGN,0x00fe7fbf,802003,0x0902,0x0915,0,11464,0000,0000,01,00,22,00,-,1,00,000000,0000,0x0000,00000000,00000000,00000000000000,0724,0006,c4a7,07a71434,0x000000,0x0000000000,0x000000,0x000000000000,-,-,-,-, None
09/04/2025,10:22:22,09/04/2025,10:22:24,8674886293973,0x2bd8,GTFRI,0x00fe2fbf,802003,0x0902,0x0915,0,-,0000,-,01,00,22,00,-,00,000000,0000,0x0000,00000000,00000000,00000000000000,0724,0006,c4a7,07a71434,0x000000,0x0000000000,0x000000,0x000000000000,-,-, 5.0, -, None 
09/04/2025,10:22:27,09/04/2025,10:22:29,8674886293973,0x2bd9,GTFRI,0x00fe2fbf,802003,0x0902,0x0915,0,-,0000,-,01,00,22,00,-,00,000000,0000,0x0000,00000000,00000000,00000000000000,0724,0006,c4a7,07a71434,0x000000,0x0000000000,0x000000,0x000000000000,-,-, 5.0, -, None 
09/04/2025,10:22:32,09/04/2025,10:22:34,8674886293973,0x2bda,GTFRI,0x00fe2fbf,802003,0x0902,0x0915,0,-,0000,-,01,00,22,00,-,00,000000,0000,0x0000,00000000,00000000,00000000000000,0724,0006,c4a7,07a71434,0x000000,0x0000000000,0x000000,0x000000000000,-,-, 5.0, -, None 
09/04/2025,10:22:37,09/04/2025,10:22:39,8674886293973,0x2bdb,GTFRI,0x00fe2fbf,802003,0x0902,0x0915,0,-,0000,-,01,00,22,00,-,00,000000,0000,0x0000,00000000,00000000,00000000000000,0724,0006,c4a7,07a71434,0x000000,0x0000000000,0x000000,0x000000000000,-,-, 5.0, -, None 
09/04/2025,10:22:42,09/04/2025,10:22:44,8674886293973,0x2bdc,GTFRI,0x00fe2fbf,802003,0x0902,0x0915,0,-,0000,-,01,00,22,00,-,00,000000,0000,0x0000,00000000,00000000,00000000000000,0724,0006,c4a7,07a71434,0x000000,0x0000000000,0x000000,0x000000000000,-,-, 5.0, -, None 
09/04/2025,10:22:47,09/04/2025,10:22:49,8674886293973,0x2bdd,GTFRI,0x00fe2fbf,802003,0x0902,0x0915,0,-,0000,-,01,00,22,00,-,00,000000,0000,0x0000,00000000,00000000,00000000000000,0724,0006,c4a7,07a71434,0x000000,0x0000000000,0x000000,0x000000000000,-,-, 5.0, -, None 
09/04/2025,10:22:52,09/04/2025,10:22:54,8674886293973,0x2bde,GTFRI,0x00fe2fbf,802003,0x0902,0x0915,0,-,0000,-,01,00,21,00,-,00,000000,0000,0x0000,00000000,00000000,00000000000000,0724,0006,c4a7,07a71434,0x000000,0x0000000000,0x000000,0x000000000000,-,-, 5.0, -, None 
09/04/2025,10:22:57,09/04/2025,10:22:59,8674886293973,0x2bdf,GTFRI,0x00fe2fbf,802003,0x0902,0x0915,0,-,0000,-,01,00,21,00,-,00,000000,0000,0x0000,00000000,00000000,00000000000000,0724,0006,c4a7,07a71434,0x000000,0x0000000000,0x000000,0x000000000000,-,-, 5.0, -, None 
09/04/2025,10:23:02,09/04/2025,10:23:04,8674886293973,0x2be0,GTFRI,0x00fe2fbf,802003,0x0902,0x0915,0,-,0000,-,01,00,21,00,-,00,000000,0000,0x0000,00000000,00000000,00000000000000,0724,0006,c4a7,07a71434,0x000000,0x0000000000,0x000000,0x000000000000,-,-, 5.0, -, None 
09/04/2025,10:23:07,09/04/2025,10:23:09,8674886293973,0x2be1,GTFRI,0x00fe2fbf,802003,0x0902,0x0915,0,-,0000,-,01,00,21,00,-,00,000000,0000,0x0000,00000000,00000000,00000000000000,0724,0006,c4a7,07a71434,0x000000,0x0000000000,0x000000,0x000000000000,-,-, 5.0, -, None 
09/04/2025,10:23:12,09/04/2025,10:23:14,8674886293973,0x2be2,GTFRI,0x00fe2fbf,802003,0x0902,0x0915,0,-,0000,-,01,00,21,00,-,00,000000,0000,0x0000,00000000,00000000,00000000000000,0724,0006,c4a7,07a71434,0x000000,0x0000000000,0x000000,0x000000000000,-,-, 5.0, -, None 
09/04/2025,10:23:17,09/04/2025,10:23:19,8674886293973,0x2be3,GTFRI,0x00fe2fbf,802003,0x0902,0x0915,0,-,0000,-,01,00,21,00,-,00,000000,0000,0x0000,00000000,00000000,00000000000000,0724,0006,c4a7,07a71434,0x000000,0x0000000000,0x000000,0x000000000000,-,-, 5.0, -, None 
09/04/2025,10:23:22,09/04/2025,10:23:24,8674886293973,0x2be4,GTFRI,0x00fe2fbf,802003,0x0902,0x0915,0,-,0000,-,01,00,21,00,-,00,000000,0000,0x0000,00000000,00000000,00000000000000,0724,0006,c4a7,07a71434,0x000000,0x0000000000,0x000000,0x000000000000,-,-, 5.0, -, None 
09/04/2025,10:23:27,09/04/2025,10:23:29,8674886293973,0x2be5,GTFRI,0x00fe2fbf,802003,0x0902,0x0915,0,-,0000,-,01,00,21,00,-,00,000000,0000,0x0000,00000000,00000000,00000000000000,0724,0006,c4a7,07a71434,0x000000,0x0000000000,0x000000,0x000000000000,-,-, 5.0, -, None 
09/04/2025,10:23:32,09/04/2025,10:23:34,8674886293973,0x2be6,GTFRI,0x00fe2fbf,802003,0x0902,0x0915,0,-,0000,-,01,00,21,00,-,00,000000,0000,0x0000,00000000,00000000,00000000000000,0724,0006,c4a7,07a71434,0x000000,0x0000000000,0x000000,0x000000000000,-,-, 5.0, -, None 
09/04/2025,10:23:37,09/04/2025,10:23:39,8674886293973,0x2be7,GTFRI,0x00fe2fbf,802003,0x0902,0x0915,0,-,0000,-,01,00,21,00,-,00,000000,0000,0x0000,00000000,00000000,00000000000000,0724,0006,c4a7,07a71434,0x000000,0x0000000000,0x000000,0x000000000000,-,-, 5.0, -, None 
09/04/2025,10:23:42,09/04/2025,10:23:44,8674886293973,0x2be8,GTFRI,0x00fe2fbf,802003,0x0902,0x0915,0,-,0000,-,01,00,21,00,-,00,000000,0000,0x0000,00000000,00000000,00000000000000,0724,0006,c4a7,07a71434,0x000000,0x0000000000,0x000000,0x000000000000,-,-, 5.0, -, None 
09/04/2025,10:23:47,09/04/2025,10:23:49,8674886293973,0x2be9,GTFRI,0x00fe2fbf,802003,0x0902,0x0915,0,-,0000,-,01,00,21,00,-,00,000000,0000,0x0000,00000000,00000000,00000000000000,0724,0006,c4a7,07a71434,0x000000,0x0000000000,0x000000,0x000000000000,-,-, 5.0, -, None 
09/04/2025,10:23:52,09/04/2025,10:23:54,8674886293973,0x2bea,GTFRI,0x00fe2fbf,802003,0x0902,0x0915,0,-,0000,-,01,00,21,00,-,00,000000,0000,0x0000,00000000,00000000,00000000000000,0724,0006,c4a7,07a71434,0x000000,0x0000000000,0x000000,0x000000000000,-,-, 5.0, -, None 
09/04/2025,10:23:57,09/04/2025,10:23:59,8674886293973,0x2beb,GTFRI,0x00fe2fbf,802003,0x0902,0x0915,0,-,0000,-,01,00,21,00,-,00,000000,0000,0x0000,00000000,00000000,00000000000000,0724,0006,c4a7,07a71434,0x000000,0x0000000000,0x000000,0x000000000000,-,-, 5.0, -, None 
09/04/2025,10:23:59,,,,0x2bec,HBD
09/04/2025,10:24:02,09/04/2025,10:24:04,8674886293973,0x2bed,GTFRI,0x00fe2fbf,802003,0x0902,0x0915,0,-,0000,-,01,00,21,00,-,00,000000,0000,0x0000,00000000,00000000,00000000000000,0724,0006,c4a7,07a71434,0x000000,0x0000000000,0x000000,0x000000000000,-,-, 5.0, -, None 
09/04/2025,10:24:07,09/04/2025,10:24:09,8674886293973,0x2bee,GTFRI,0x00fe2fbf,802003,0x0902,0x0915,0,-,0000,-,01,00,21,00,-,00,000000,0000,0x0000,00000000,00000000,00000000000000,0724,0006,c4a7,07a71434,0x000000,0x0000000000,0x000000,0x000000000000,-,-, 5.0, -, None 
09/04/2025,10:24:12,09/04/2025,10:24:14,8674886293973,0x2bef,GTFRI,0x00fe2fbf,802003,0x0902,0x0915,0,-,0000,-,01,00,21,00,-,00,000000,0000,0x0000,00000000,00000000,00000000000000,0724,0006,c4a7,07a71434,0x000000,0x0000000000,0x000000,0x000000000000,-,-, 5.0, -, None 
09/04/2025,10:24:17,09/04/2025,10:24:19,8674886293973,0x2bf0,GTFRI,0x00fe2fbf,802003,0x0902,0x0915,0,-,0000,-,01,00,21,00,-,00,000000,0000,0x0000,00000000,00000000,00000000000000,0724,0006,c4a7,07a71434,0x000000,0x0000000000,0x000000,0x000000000000,-,-, 5.0, -, None 
09/04/2025,10:24:22,09/04/2025,10:24:24,8674886293973,0x2bf1,GTFRI,0x00fe2fbf,802003,0x0902,0x0915,0,-,0000,-,01,00,21,00,-,00,000000,0000,0x0000,00000000,00000000,00000000000000,0724,0006,c4a7,07a71434,0x000000,0x0000000000,0x000000,0x000000000000,-,-, 5.0, -, None 
09/04/2025,10:24:27,09/04/2025,10:24:29,8674886293973,0x2bf2,GTFRI,0x00fe2fbf,802003,0x0902,0x0915,0,-,0000,-,01,00,21,00,-,00,000000,0000,0x0000,00000000,00000000,00000000000000,0724,0006,c4a7,07a71434,0x000000,0x0000000000,0x000000,0x000000000000,-,-, 5.0, -, None 
09/04/2025,10:24:32,09/04/2025,10:24:34,8674886293973,0x2bf3,GTFRI,0x00fe2fbf,802003,0x0902,0x0915,0,-,0000,-,01,00,21,00,-,00,000000,0000,0x0000,00000000,00000000,00000000000000,0724,0006,c4a7,07a71434,0x000000,0x0000000000,0x000000,0x000000000000,-,-, 5.0, -, None 
09/04/2025,10:24:37,09/04/2025,10:24:39,8674886293973,0x2bf4,GTFRI,0x00fe2fbf,802003,0x0902,0x0915,0,-,0000,-,01,00,21,00,-,00,000000,0000,0x0000,00000000,00000000,00000000000000,0724,0006,c4a7,07a71434,0x000000,0x0000000000,0x000000,0x000000000000,-,-, 5.0, -, None 
09/04/2025,10:24:42,09/04/2025,10:24:44,8674886293973,0x2bf5,GTFRI,0x00fe2fbf,802003,0x0902,0x0915,0,-,0000,-,01,00,21,00,-,00,000000,0000,0x0000,00000000,00000000,00000000000000,0724,0006,c4a7,07a71434,0x000000,0x0000000000,0x000000,0x000000000000,-,-, 5.0, -, None 
09/04/2025,10:24:47,09/04/2025,10:24:49,8674886293973,0x2bf6,GTFRI,0x00fe2fbf,802003,0x0902,0x0915,0,-,0000,-,01,00,21,00,-,00,000000,0000,0x0000,00000000,00000000,00000000000000,0724,0006,c4a7,07a71434,0x000000,0x0000000000,0x000000,0x000000000000,-,-, 5.0, -, None 
09/04/2025,10:24:52,09/04/2025,10:24:54,8674886293973,0x2bf7,GTFRI,0x00fe2fbf,802003,0x0902,0x0915,0,-,0000,-,01,00,21,00,-,00,000000,0000,0x0000,00000000,00000000,00000000000000,0724,0006,c4a7,07a71434,0x000000,0x0000000000,0x000000,0x000000000000,-,-, 5.0, -, None 
09/04/2025,10:24:57,09/04/2025,10:24:59,8674886293973,0x2bf8,GTFRI,0x00fe2fbf,802003,0x0902,0x0915,0,-,0000,-,01,00,21,00,-,00,000000,0000,0x0000,00000000,00000000,00000000000000,0724,0006,c4a7,07a71434,0x000000,0x0000000000,0x000000,0x000000000000,-,-, 5.0, -, None 
09/04/2025,10:25:02,09/04/2025,10:25:04,8674886293973,0x2bf9,GTFRI,0x00fe2fbf,802003,0x0902,0x0915,0,-,0000,-,01,00,21,00,-,00,000000,0000,0x0000,00000000,00000000,00000000000000,0724,0006,c4a7,07a71434,0x000000,0x0000000000,0x000000,0x000000000000,-,-, 5.0, -, None 
09/04/2025,10:25:07,09/04/2025,10:25:09,8674886293973,0x2bfa,GTFRI,0x00fe2fbf,802003,0x0902,0x0915,0,-,0000,-,01,00,21,00,-,00,000000,0000,0x0000,00000000,00000000,00000000000000,0724,0006,c4a7,07a71434,0x000000,0x0000000000,0x000000,0x000000000000,-,-, 5.0, -, None 
09/04/2025,10:25:12,09/04/2025,10:25:14,8674886293973,0x2bfb,GTFRI,0x00fe2fbf,802003,0x0902,0x0915,0,-,0000,-,01,00,21,00,-,00,000000,0000,0x0000,00000000,00000000,00000000000000,0724,0006,c4a7,07a71434,0x000000,0x0000000000,0x000000,0x000000000000,-,-, 5.0, -, None 
09/04/2025,10:25:17,09/04/2025,10:25:19,8674886293973,0x2bfc,GTFRI,0x00fe2fbf,802003,0x0902,0x0915,0,-,0000,-,01,00,21,00,-,00,000000,0000,0x0000,00000000,00000000,00000000000000,0724,0006,c4a7,07a71434,0x000000,0x0000000000,0x000000,0x000000000000,-,-, 5.0, -, None 
09/04/2025,10:25:22,09/04/2025,10:25:24,8674886293973,0x2bfd,GTFRI,0x00fe2fbf,802003,0x0902,0x0915,0,-,0000,-,01,00,21,00,-,00,000000,0000,0x0000,00000000,00000000,00000000000000,0724,0006,c4a7,07a71434,0x000000,0x0000000000,0x000000,0x000000000000,-,-, 5.0, -, None 
09/04/2025,10:25:27,09/04/2025,10:25:29,8674886293973,0x2bfe,GTFRI,0x00fe2fbf,802003,0x0902,0x0915,0,-,0000,-,01,00,21,00,-,00,000000,0000,0x0000,00000000,00000000,00000000000000,0724,0006,c4a7,07a71434,0x000000,0x0000000000,0x000000,0x000000000000,-,-, 5.0, -, None 
09/04/2025,10:25:32,09/04/2025,10:25:34,8674886293973,0x2bff,GTFRI,0x00fe2fbf,802003,0x0902,0x0915,0,-,0000,-,01,00,21,00,-,00,000000,0000,0x0000,00000000,00000000,00000000000000,0724,0006,c4a7,07a71434,0x000000,0x0000000000,0x000000,0x000000000000,-,-, 5.0, -, None 
09/04/2025,10:25:37,09/04/2025,10:25:39,8674886293973,0x2c00,GTFRI,0x00fe2fbf,802003,0x0902,0x0915,0,-,0000,-,01,00,21,00,-,00,000000,0000,0x0000,00000000,00000000,00000000000000,0724,0006,c4a7,07a71434,0x000000,0x0000000000,0x000000,0x000000000000,-,-, 5.0, -, None 
09/04/2025,10:25:42,09/04/2025,10:25:44,8674886293973,0x2c01,GTFRI,0x00fe2fbf,802003,0x0902,0x0915,0,-,0000,-,01,00,21,00,-,00,000000,0000,0x0000,00000000,00000000,00000000000000,0724,0006,c4a7,07a71434,0x000000,0x0000000000,0x000000,0x000000000000,-,-, 5.0, -, None 
09/04/2025,10:25:47,09/04/2025,10:25:49,8674886293973,0x2c02,GTFRI,0x00fe2fbf,802003,0x0902,0x0915,0,-,0000,-,01,00,21,00,-,00,000000,0000,0x0000,00000000,00000000,00000000000000,0724,0006,c4a7,07a71434,0x000000,0x0000000000,0x000000,0x000000000000,-,-, 5.0, -, None 
09/04/2025,10:25:52,09/04/2025,10:25:54,8674886293973,0x2c03,GTFRI,0x00fe2fbf,802003,0x0902,0x0915,0,-,0000,-,01,00,21,00,-,00,000000,0000,0x0000,00000000,00000000,00000000000000,0724,0006,c4a7,07a71434,0x000000,0x0000000000,0x000000,0x000000000000,-,-, 5.0, -, None 
09/04/2025,10:25:57,09/04/2025,10:25:59,8674886293973,0x2c04,GTFRI,0x00fe2fbf,802003,0x0902,0x0915,0,-,0000,-,01,00,21,00,-,00,000000,0000,0x0000,00000000,00000000,00000000000000,0724,0006,c4a7,07a71434,0x000000,0x0000000000,0x000000,0x000000000000,-,-, 5.0, -, None 
09/04/2025,10:25:59,,,,0x2c05,HBD
09/04/2025,10:26:02,09/04/2025,10:26:04,8674886293973,0x2c06,GTFRI,0x00fe2fbf,802003,0x0902,0x0915,0,-,0000,-,01,00,21,00,-,00,000000,0000,0x0000,00000000,00000000,00000000000000,0724,0006,c4a7,07a71434,0x000000,0x0000000000,0x000000,0x000000000000,-,-, 5.0, -, None 
09/04/2025,10:26:07,09/04/2025,10:26:09,8674886293973,0x2c07,GTFRI,0x00fe2fbf,802003,0x0902,0x0915,0,-,0000,-,01,00,21,00,-,00,000000,0000,0x0000,00000000,00000000,00000000000000,0724,0006,c4a7,07a71434,0x000000,0x0000000000,0x000000,0x000000000000,-,-, 5.0, -, None 
09/04/2025,10:26:12,09/04/2025,10:26:14,8674886293973,0x2c08,GTFRI,0x00fe2fbf,802003,0x0902,0x0915,0,-,0000,-,01,00,21,00,-,00,000000,0000,0x0000,00000000,00000000,00000000000000,0724,0006,c4a7,07a71434,0x000000,0x0000000000,0x000000,0x000000000000,-,-, 5.0, -, None 
09/04/2025,10:26:17,09/04/2025,10:26:19,8674886293973,0x2c09,GTFRI,0x00fe2fbf,802003,0x0902,0x0915,0,-,0000,-,01,00,21,00,-,00,000000,0000,0x0000,00000000,00000000,00000000000000,0724,0006,c4a7,07a71434,0x000000,0x0000000000,0x000000,0x000000000000,-,-, 5.0, -, None 
09/04/2025,10:26:22,09/04/2025,10:26:24,8674886293973,0x2c0a,GTFRI,0x00fe2fbf,802003,0x0902,0x0915,0,-,0000,-,01,00,21,00,-,00,000000,0000,0x0000,00000000,00000000,00000000000000,0724,0006,c4a7,07a71434,0x000000,0x0000000000,0x000000,0x000000000000,-,-, 5.0, -, None 
09/04/2025,10:26:27,09/04/2025,10:26:29,8674886293973,0x2c0b,GTFRI,0x00fe2fbf,802003,0x0902,0x0915,0,-,0000,-,01,00,21,00,-,00,000000,0000,0x0000,00000000,00000000,00000000000000,0724,0006,c4a7,07a71434,0x000000,0x0000000000,0x000000,0x000000000000,-,-, 5.0, -, None 
09/04/2025,10:26:32,09/04/2025,10:26:34,8674886293973,0x2c0c,GTFRI,0x00fe2fbf,802003,0x0902,0x0915,0,-,0000,-,01,00,21,00,-,00,000000,0000,0x0000,00000000,00000000,00000000000000,0724,0006,c4a7,07a71434,0x000000,0x0000000000,0x000000,0x000000000000,-,-, 5.0, -, None 
09/04/2025,10:26:37,09/04/2025,10:26:39,8674886293973,0x2c0d,GTFRI,0x00fe2fbf,802003,0x0902,0x0915,0,-,0000,-,01,00,21,00,-,00,000000,0000,0x0000,00000000,00000000,00000000000000,0724,0006,c4a7,07a71434,0x000000,0x0000000000,0x000000,0x000000000000,-,-, 5.0, -, None 
09/04/2025,10:26:42,09/04/2025,10:26:44,8674886293973,0x2c0e,GTFRI,0x00fe2fbf,802003,0x0902,0x0915,0,-,0000,-,01,00,21,00,-,00,000000,0000,0x0000,00000000,00000000,00000000000000,0724,0006,c4a7,07a71434,0x000000,0x0000000000,0x000000,0x000000000000,-,-, 5.0, -, None 
09/04/2025,10:26:47,09/04/2025,10:26:49,8674886293973,0x2c0f,GTFRI,0x00fe2fbf,802003,0x0902,0x0915,0,-,0000,-,01,00,21,00,-,00,000000,0000,0x0000,00000000,00000000,00000000000000,0724,0006,c4a7,07a71434,0x000000,0x0000000000,0x000000,0x000000000000,-,-, 5.0, -, None 
09/04/2025,10:26:52,09/04/2025,10:26:54,8674886293973,0x2c10,GTFRI,0x00fe2fbf,802003,0x0902,0x0915,0,-,0000,-,01,00,21,00,-,00,000000,0000,0x0000,00000000,00000000,00000000000000,0724,0006,c4a7,07a71434,0x000000,0x0000000000,0x000000,0x000000000000,-,-, 5.0, -, None 
09/04/2025,10:26:57,09/04/2025,10:26:59,8674886293973,0x2c11,GTFRI,0x00fe2fbf,802003,0x0902,0x0915,0,-,0000,-,01,00,21,00,-,00,000000,0000,0x0000,00000000,00000000,00000000000000,0724,0006,c4a7,07a71434,0x000000,0x0000000000,0x000000,0x000000000000,-,-, 5.0, -, None 
09/04/2025,10:27:02,09/04/2025,10:27:04,8674886293973,0x2c12,GTFRI,0x00fe2fbf,802003,0x0902,0x0915,0,-,0000,-,01,00,21,00,-,00,000000,0000,0x0000,00000000,00000000,00000000000000,0724,0006,c4a7,07a71434,0x000000,0x0000000000,0x000000,0x000000000000,-,-, 5.0, -, None 
09/04/2025,10:27:07,09/04/2025,10:27:09,8674886293973,0x2c13,GTFRI,0x00fe2fbf,802003,0x0902,0x0915,0,-,0000,-,01,00,21,00,-,00,000000,0000,0x0000,00000000,00000000,00000000000000,0724,0006,c4a7,07a71434,0x000000,0x0000000000,0x000000,0x000000000000,-,-, 5.0, -, None 
09/04/2025,10:27:12,09/04/2025,10:27:14,8674886293973,0x2c14,GTFRI,0x00fe2fbf,802003,0x0902,0x0915,0,-,0000,-,01,00,21,00,-,00,000000,0000,0x0000,00000000,00000000,00000000000000,0724,0006,c4a7,07a71434,0x000000,0x0000000000,0x000000,0x000000000000,-,-, 5.0, -, None 
09/04/2025,10:27:17,09/04/2025,10:27:19,8674886293973,0x2c15,GTFRI,0x00fe2fbf,802003,0x0902,0x0915,0,-,0000,-,01,00,21,00,-,00,000000,0000,0x0000,00000000,00000000,00000000000000,0724,0006,c4a7,07a71434,0x000000,0x0000000000,0x000000,0x000000000000,-,-, 5.0, -, None 
09/04/2025,10:27:22,09/04/2025,10:27:24,8674886293973,0x2c16,GTFRI,0x00fe2fbf,802003,0x0902,0x0915,0,-,0000,-,01,00,21,00,-,00,000000,0000,0x0000,00000000,00000000,00000000000000,0724,0006,c4a7,07a71434,0x000000,0x0000000000,0x000000,0x000000000000,-,-, 5.0, -, None 
09/04/2025,10:27:27,09/04/2025,10:27:29,8674886293973,0x2c17,GTFRI,0x00fe2fbf,802003,0x0902,0x0915,0,-,0000,-,01,00,21,00,-,00,000000,0000,0x0000,00000000,00000000,00000000000000,0724,0006,c4a7,07a71434,0x000000,0x0000000000,0x000000,0x000000000000,-,-, 5.0, -, None 
09/04/2025,10:27:32,09/04/2025,10:27:34,8674886293973,0x2c18,GTFRI,0x00fe2fbf,802003,0x0902,0x0915,0,-,0000,-,01,00,21,00,-,00,000000,0000,0x0000,00000000,00000000,00000000000000,0724,0006,c4a7,07a71434,0x000000,0x0000000000,0x000000,0x000000000000,-,-, 5.0, -, None 
09/04/2025,10:27:37,09/04/2025,10:27:39,8674886293973,0x2c19,GTFRI,0x00fe2fbf,802003,0x0902,0x0915,0,-,0000,-,01,00,21,00,-,00,000000,0000,0x0000,00000000,00000000,00000000000000,0724,0006,c4a7,07a71434,0x000000,0x0000000000,0x000000,0x000000000000,-,-, 5.0, -, None 
09/04/2025,10:27:42,09/04/2025,10:27:44,8674886293973,0x2c1a,GTFRI,0x00fe2fbf,802003,0x0902,0x0915,0,-,0000,-,01,00,21,00,-,00,000000,0000,0x0000,00000000,00000000,00000000000000,0724,0006,c4a7,07a71434,0x000000,0x0000000000,0x000000,0x000000000000,-,-, 5.0, -, None 
09/04/2025,10:27:47,09/04/2025,10:27:49,8674886293973,0x2c1b,GTFRI,0x00fe2fbf,802003,0x0902,0x0915,0,-,0000,-,01,00,21,00,-,00,000000,0000,0x0000,00000000,00000000,00000000000000,0724,0006,c4a7,07a71434,0x000000,0x0000000000,0x000000,0x000000000000,-,-, 5.0, -, None 
09/04/2025,10:27:52,09/04/2025,10:27:54,8674886293973,0x2c1c,GTFRI,0x00fe2fbf,802003,0x0902,0x0915,0,-,0000,-,01,00,21,00,-,00,000000,0000,0x0000,00000000,00000000,00000000000000,0724,0006,c4a7,07a71434,0x000000,0x0000000000,0x000000,0x000000000000,-,-, 5.0, -, None 
09/04/2025,10:27:57,09/04/2025,10:27:59,8674886293973,0x2c1d,GTFRI,0x00fe2fbf,802003,0x0902,0x0915,0,-,0000,-,01,00,21,00,-,00,000000,0000,0x0000,00000000,00000000,00000000000000,0724,0006,c4a7,07a71434,0x000000,0x0000000000,0x000000,0x000000000000,-,-, 5.0, -, None 
09/04/2025,10:27:59,,,,0x2c1e,HBD
09/04/2025,10:28:02,09/04/2025,10:28:04,8674886293973,0x2c1f,GTFRI,0x00fe2fbf,802003,0x0902,0x0915,0,-,0000,-,01,00,21,00,-,00,000000,0000,0x0000,00000000,00000000,00000000000000,0724,0006,c4a7,07a71434,0x000000,0x0000000000,0x000000,0x000000000000,-,-, 5.0, -, None 
09/04/2025,10:28:07,09/04/2025,10:28:09,8674886293973,0x2c20,GTFRI,0x00fe2fbf,802003,0x0902,0x0915,0,-,0000,-,01,00,21,00,-,00,000000,0000,0x0000,00000000,00000000,00000000000000,0724,0006,c4a7,07a71434,0x000000,0x0000000000,0x000000,0x000000000000,-,-, 5.0, -, None 
09/04/2025,10:28:12,09/04/2025,10:28:14,8674886293973,0x2c21,GTFRI,0x00fe2fbf,802003,0x0902,0x0915,0,-,0000,-,01,00,21,00,-,00,000000,0000,0x0000,00000000,00000000,00000000000000,0724,0006,c4a7,07a71434,0x000000,0x0000000000,0x000000,0x000000000000,-,-, 5.0, -, None 
09/04/2025,10:28:17,09/04/2025,10:28:19,8674886293973,0x2c22,GTFRI,0x00fe2fbf,802003,0x0902,0x0915,0,-,0000,-,01,00,21,00,-,00,000000,0000,0x0000,00000000,00000000,00000000000000,0724,0006,c4a7,07a71434,0x000000,0x0000000000,0x000000,0x000000000000,-,-, 5.0, -, None 
09/04/2025,10:28:22,09/04/2025,10:28:24,8674886293973,0x2c23,GTFRI,0x00fe2fbf,802003,0x0902,0x0915,0,-,0000,-,01,00,21,00,-,00,000000,0000,0x0000,00000000,00000000,00000000000000,0724,0006,c4a7,07a71434,0x000000,0x0000000000,0x000000,0x000000000000,-,-, 5.0, -, None 
09/04/2025,10:28:27,09/04/2025,10:28:29,8674886293973,0x2c24,GTFRI,0x00fe2fbf,802003,0x0902,0x0915,0,-,0000,-,01,00,21,00,-,00,000000,0000,0x0000,00000000,00000000,00000000000000,0724,0006,c4a7,07a71434,0x000000,0x0000000000,0x000000,0x000000000000,-,-, 5.0, -, None 
09/04/2025,10:28:32,09/04/2025,10:28:34,8674886293973,0x2c25,GTFRI,0x00fe2fbf,802003,0x0902,0x0915,0,-,0000,-,01,00,21,00,-,00,000000,0000,0x0000,00000000,00000000,00000000000000,0724,0006,c4a7,07a71434,0x000000,0x0000000000,0x000000,0x000000000000,-,-, 5.0, -, None 
09/04/2025,10:28:37,09/04/2025,10:28:39,8674886293973,0x2c26,GTFRI,0x00fe2fbf,802003,0x0902,0x0915,0,-,0000,-,01,00,21,00,-,00,000000,0000,0x0000,00000000,00000000,00000000000000,0724,0006,c4a7,07a71434,0x000000,0x0000000000,0x000000,0x000000000000,-,-, 5.0, -, None 
09/04/2025,10:28:42,09/04/2025,10:28:44,8674886293973,0x2c27,GTFRI,0x00fe2fbf,802003,0x0902,0x0915,0,-,0000,-,01,00,21,00,-,00,000000,0000,0x0000,00000000,00000000,00000000000000,0724,0006,c4a7,07a71434,0x000000,0x0000000000,0x000000,0x000000000000,-,-, 5.0, -, None 
09/04/2025,10:28:47,09/04/2025,10:28:49,8674886293973,0x2c28,GTFRI,0x00fe2fbf,802003,0x0902,0x0915,0,-,0000,-,01,00,21,00,-,00,000000,0000,0x0000,00000000,00000000,00000000000000,0724,0006,c4a7,07a71434,0x000000,0x0000000000,0x000000,0x000000000000,-,-, 5.0, -, None 
09/04/2025,10:28:52,09/04/2025,10:28:54,8674886293973,0x2c29,GTFRI,0x00fe2fbf,802003,0x0902,0x0915,0,-,0000,-,01,00,21,00,-,00,000000,0000,0x0000,00000000,00000000,00000000000000,0724,0006,c4a7,07a71434,0x000000,0x0000000000,0x000000,0x000000000000,-,-, 5.0, -, None 
09/04/2025,10:28:57,09/04/2025,10:28:59,8674886293973,0x2c2a,GTFRI,0x00fe2fbf,802003,0x0902,0x0915,0,-,0000,-,01,00,21,00,-,00,000000,0000,0x0000,00000000,00000000,00000000000000,0724,0006,c4a7,07a71434,0x000000,0x0000000000,0x000000,0x000000000000,-,-, 5.0, -, None 
09/04/2025,10:29:02,09/04/2025,10:29:04,8674886293973,0x2c2b,GTFRI,0x00fe2fbf,802003,0x0902,0x0915,0,-,0000,-,01,00,21,00,-,00,000000,0000,0x0000,00000000,00000000,00000000000000,0724,0006,c4a7,07a71434,0x000000,0x0000000000,0x000000,0x000000000000,-,-, 5.0, -, None 
09/04/2025,10:29:07,09/04/2025,10:29:09,8674886293973,0x2c2c,GTFRI,0x00fe2fbf,802003,0x0902,0x0915,0,-,0000,-,01,00,21,00,-,00,000000,0000,0x0000,00000000,00000000,00000000000000,0724,0006,c4a7,07a71434,0x000000,0x0000000000,0x000000,0x000000000000,-,-, 5.0, -, None 
09/04/2025,10:29:12,09/04/2025,10:29:14,8674886293973,0x2c2d,GTFRI,0x00fe2fbf,802003,0x0902,0x0915,0,-,0000,-,01,00,21,00,-,00,000000,0000,0x0000,00000000,00000000,00000000000000,0724,0006,c4a7,07a71434,0x000000,0x0000000000,0x000000,0x000000000000,-,-, 5.0, -, None 
09/04/2025,10:29:17,09/04/2025,10:29:19,8674886293973,0x2c2e,GTFRI,0x00fe2fbf,802003,0x0902,0x0915,0,-,0000,-,01,00,22,00,-,00,000000,0000,0x0000,00000000,00000000,00000000000000,0724,0006,c4a7,07a71434,0x000000,0x0000000000,0x000000,0x000000000000,-,-, 5.0, -, None 
09/04/2025,10:29:22,09/04/2025,10:29:24,8674886293973,0x2c2f,GTFRI,0x00fe2fbf,802003,0x0902,0x0915,0,-,0000,-,01,00,22,00,-,00,000000,0000,0x0000,00000000,00000000,00000000000000,0724,0006,c4a7,07a71434,0x000000,0x0000000000,0x000000,0x000000000000,-,-, 5.0, -, None 
09/04/2025,10:29:27,09/04/2025,10:29:29,8674886293973,0x2c30,GTFRI,0x00fe2fbf,802003,0x0902,0x0915,0,-,0000,-,01,00,22,00,-,00,000000,0000,0x0000,00000000,00000000,00000000000000,0724,0006,c4a7,07a71434,0x000000,0x0000000000,0x000000,0x000000000000,-,-, 5.0, -, None 
09/04/2025,10:29:32,09/04/2025,10:29:34,8674886293973,0x2c31,GTFRI,0x00fe2fbf,802003,0x0902,0x0915,0,-,0000,-,01,00,22,00,-,00,000000,0000,0x0000,00000000,00000000,00000000000000,0724,0006,c4a7,07a71434,0x000000,0x0000000000,0x000000,0x000000000000,-,-, 5.0, -, None 
09/04/2025,10:29:37,09/04/2025,10:29:39,8674886293973,0x2c32,GTFRI,0x00fe2fbf,802003,0x0902,0x0915,0,-,0000,-,01,00,22,00,-,00,000000,0000,0x0000,00000000,00000000,00000000000000,0724,0006,c4a7,07a71434,0x000000,0x0000000000,0x000000,0x000000000000,-,-, 5.0, -, None 
09/04/2025,10:29:42,09/04/2025,10:29:44,8674886293973,0x2c33,GTFRI,0x00fe2fbf,802003,0x0902,0x0915,0,-,0000,-,01,00,22,00,-,00,000000,0000,0x0000,00000000,00000000,00000000000000,0724,0006,c4a7,07a71434,0x000000,0x0000000000,0x000000,0x000000000000,-,-, 5.0, -, None 
09/04/2025,10:29:47,09/04/2025,10:29:49,8674886293973,0x2c34,GTFRI,0x00fe2fbf,802003,0x0902,0x0915,0,-,0000,-,01,00,22,00,-,00,000000,0000,0x0000,00000000,00000000,00000000000000,0724,0006,c4a7,07a71434,0x000000,0x0000000000,0x000000,0x000000000000,-,-, 5.0, -, None 
09/04/2025,10:29:52,09/04/2025,10:29:54,8674886293973,0x2c35,GTFRI,0x00fe2fbf,802003,0x0902,0x0915,0,-,0000,-,01,00,22,00,-,00,000000,0000,0x0000,00000000,00000000,00000000000000,0724,0006,c4a7,07a71434,0x000000,0x0000000000,0x000000,0x000000000000,-,-, 5.0, -, None 
09/04/2025,10:29:57,09/04/2025,10:29:59,8674886293973,0x2c36,GTFRI,0x00fe2fbf,802003,0x0902,0x0915,0,-,0000,-,01,00,21,00,-,00,000000,0000,0x0000,00000000,00000000,00000000000000,0724,0006,c4a7,07a71434,0x000000,0x0000000000,0x000000,0x000000000000,-,-, 5.0, -, None 
09/04/2025,10:29:59,,,,0x2c37,HBD
09/04/2025,10:30:02,09/04/2025,10:30:04,8674886293973,0x2c38,GTFRI,0x00fe2fbf,802003,0x0902,0x0915,0,-,0000,-,01,00,21,00,-,00,000000,0000,0x0000,00000000,00000000,00000000000000,0724,0006,c4a7,07a71434,0x000000,0x0000000000,0x000000,0x000000000000,-,-, 5.0, -, None 
09/04/2025,10:30:07,09/04/2025,10:30:09,8674886293973,0x2c39,GTFRI,0x00fe2fbf,802003,0x0902,0x0915,0,-,0000,-,01,00,21,00,-,00,000000,0000,0x0000,00000000,00000000,00000000000000,0724,0006,c4a7,07a71434,0x000000,0x0000000000,0x000000,0x000000000000,-,-, 5.0, -, None 
09/04/2025,10:30:12,09/04/2025,10:30:14,8674886293973,0x2c3a,GTFRI,0x00fe2fbf,802003,0x0902,0x0915,0,-,0000,-,01,00,21,00,-,00,000000,0000,0x0000,00000000,00000000,00000000000000,0724,0006,c4a7,07a71434,0x000000,0x0000000000,0x000000,0x000000000000,-,-, 5.0, -, None 
09/04/2025,10:30:17,09/04/2025,10:30:19,8674886293973,0x2c3b,GTFRI,0x00fe2fbf,802003,0x0902,0x0915,0,-,0000,-,01,00,21,00,-,00,000000,0000,0x0000,00000000,00000000,00000000000000,0724,0006,c4a7,07a71434,0x000000,0x0000000000,0x000000,0x000000000000,-,-, 5.0, -, None 
09/04/2025,10:30:22,09/04/2025,10:30:24,8674886293973,0x2c3c,GTFRI,0x00fe2fbf,802003,0x0902,0x0915,0,-,0000,-,01,00,21,00,-,00,000000,0000,0x0000,00000000,00000000,00000000000000,0724,0006,c4a7,07a71434,0x000000,0x0000000000,0x000000,0x000000000000,-,-, 5.0, -, None 
09/04/2025,10:30:27,09/04/2025,10:30:29,8674886293973,0x2c3d,GTFRI,0x00fe2fbf,802003,0x0902,0x0915,0,-,0000,-,01,00,21,00,-,00,000000,0000,0x0000,00000000,00000000,00000000000000,0724,0006,c4a7,07a71434,0x000000,0x0000000000,0x000000,0x000000000000,-,-, 5.0, -, None 
09/04/2025,10:30:32,09/04/2025,10:30:34,8674886293973,0x2c3e,GTFRI,0x00fe2fbf,802003,0x0902,0x0915,0,-,0000,-,01,00,21,00,-,00,000000,0000,0x0000,00000000,00000000,00000000000000,0724,0006,c4a7,07a71434,0x000000,0x0000000000,0x000000,0x000000000000,-,-, 5.0, -, None 
09/04/2025,10:30:37,09/04/2025,10:30:39,8674886293973,0x2c3f,GTFRI,0x00fe2fbf,802003,0x0902,0x0915,0,-,0000,-,01,00,21,00,-,00,000000,0000,0x0000,00000000,00000000,00000000000000,0724,0006,c4a7,07a71434,0x000000,0x0000000000,0x000000,0x000000000000,-,-, 5.0, -, None 
09/04/2025,10:30:42,09/04/2025,10:30:44,8674886293973,0x2c40,GTFRI,0x00fe2fbf,802003,0x0902,0x0915,0,-,0000,-,01,00,21,00,-,00,000000,0000,0x0000,00000000,00000000,00000000000000,0724,0006,c4a7,07a71434,0x000000,0x0000000000,0x000000,0x000000000000,-,-, 5.0, -, None 
09/04/2025,10:30:47,09/04/2025,10:30:49,8674886293973,0x2c41,GTFRI,0x00fe2fbf,802003,0x0902,0x0915,0,-,0000,-,01,00,21,00,-,00,000000,0000,0x0000,00000000,00000000,00000000000000,0724,0006,c4a7,07a71434,0x000000,0x0000000000,0x000000,0x000000000000,-,-, 5.0, -, None 
09/04/2025,10:30:52,09/04/2025,10:30:54,8674886293973,0x2c42,GTFRI,0x00fe2fbf,802003,0x0902,0x0915,0,-,0000,-,01,00,21,00,-,00,000000,0000,0x0000,00000000,00000000,00000000000000,0724,0006,c4a7,07a71434,0x000000,0x0000000000,0x000000,0x000000000000,-,-, 5.0, -, None 
09/04/2025,10:30:57,09/04/2025,10:30:59,8674886293973,0x2c43,GTFRI,0x00fe2fbf,802003,0x0902,0x0915,0,-,0000,-,01,00,21,00,-,00,000000,0000,0x0000,00000000,00000000,00000000000000,0724,0006,c4a7,07a71434,0x000000,0x0000000000,0x000000,0x000000000000,-,-, 5.0, -, None 
09/04/2025,10:31:02,09/04/2025,10:31:04,8674886293973,0x2c44,GTFRI,0x00fe2fbf,802003,0x0902,0x0915,0,-,0000,-,01,00,21,00,-,00,000000,0000,0x0000,00000000,00000000,00000000000000,0724,0006,c4a7,07a71434,0x000000,0x0000000000,0x000000,0x000000000000,-,-, 5.0, -, None 
09/04/2025,10:31:07,09/04/2025,10:31:09,8674886293973,0x2c45,GTFRI,0x00fe2fbf,802003,0x0902,0x0915,0,-,0000,-,01,00,21,00,-,00,000000,0000,0x0000,00000000,00000000,00000000000000,0724,0006,c4a7,07a71434,0x000000,0x0000000000,0x000000,0x000000000000,-,-, 5.0, -, None 
09/04/2025,10:31:12,09/04/2025,10:31:14,8674886293973,0x2c46,GTFRI,0x00fe2fbf,802003,0x0902,0x0915,0,-,0000,-,01,00,21,00,-,00,000000,0000,0x0000,00000000,00000000,00000000000000,0724,0006,c4a7,07a71434,0x000000,0x0000000000,0x000000,0x000000000000,-,-, 5.0, -, None 
09/04/2025,10:31:17,09/04/2025,10:31:19,8674886293973,0x2c47,GTFRI,0x00fe2fbf,802003,0x0902,0x0915,0,-,0000,-,01,00,21,00,-,00,000000,0000,0x0000,00000000,00000000,00000000000000,0724,0006,c4a7,07a71434,0x000000,0x0000000000,0x000000,0x000000000000,-,-, 5.0, -, None 
09/04/2025,10:31:22,09/04/2025,10:31:24,8674886293973,0x2c48,GTFRI,0x00fe2fbf,802003,0x0902,0x0915,0,-,0000,-,01,00,21,00,-,00,000000,0000,0x0000,00000000,00000000,00000000000000,0724,0006,c4a7,07a71434,0x000000,0x0000000000,0x000000,0x000000000000,-,-, 5.0, -, None 
09/04/2025,10:31:27,09/04/2025,10:31:29,8674886293973,0x2c49,GTFRI,0x00fe2fbf,802003,0x0902,0x0915,0,-,0000,-,01,00,22,00,-,00,000000,0000,0x0000,00000000,00000000,00000000000000,0724,0006,c4a7,07a71434,0x000000,0x0000000000,0x000000,0x000000000000,-,-, 5.0, -, None 
09/04/2025,10:31:32,09/04/2025,10:31:34,8674886293973,0x2c4a,GTFRI,0x00fe2fbf,802003,0x0902,0x0915,0,-,0000,-,01,00,22,00,-,00,000000,0000,0x0000,00000000,00000000,00000000000000,0724,0006,c4a7,07a71434,0x000000,0x0000000000,0x000000,0x000000000000,-,-, 5.0, -, None 
09/04/2025,10:31:37,09/04/2025,10:31:39,8674886293973,0x2c4b,GTFRI,0x00fe2fbf,802003,0x0902,0x0915,0,-,0000,-,01,00,22,00,-,00,000000,0000,0x0000,00000000,00000000,00000000000000,0724,0006,c4a7,07a71434,0x000000,0x0000000000,0x000000,0x000000000000,-,-, 5.0, -, None 
09/04/2025,10:31:42,09/04/2025,10:31:44,8674886293973,0x2c4c,GTFRI,0x00fe2fbf,802003,0x0902,0x0915,0,-,0000,-,01,00,22,00,-,00,000000,0000,0x0000,00000000,00000000,00000000000000,0724,0006,c4a7,07a71434,0x000000,0x0000000000,0x000000,0x000000000000,-,-, 5.0, -, None 
09/04/2025,10:31:47,09/04/2025,10:31:49,8674886293973,0x2c4d,GTFRI,0x00fe2fbf,802003,0x0902,0x0915,0,-,0000,-,01,00,22,00,-,00,000000,0000,0x0000,00000000,00000000,00000000000000,0724,0006,c4a7,07a71434,0x000000,0x0000000000,0x000000,0x000000000000,-,-, 5.0, -, None 
09/04/2025,10:31:52,09/04/2025,10:31:54,8674886293973,0x2c4e,GTFRI,0x00fe2fbf,802003,0x0902,0x0915,0,-,0000,-,01,00,22,00,-,00,000000,0000,0x0000,00000000,00000000,00000000000000,0724,0006,c4a7,07a71434,0x000000,0x0000000000,0x000000,0x000000000000,-,-, 5.0, -, None 
09/04/2025,10:31:57,09/04/2025,10:31:59,8674886293973,0x2c4f,GTFRI,0x00fe2fbf,802003,0x0902,0x0915,0,-,0000,-,01,00,22,00,-,00,000000,0000,0x0000,00000000,00000000,00000000000000,0724,0006,c4a7,07a71434,0x000000,0x0000000000,0x000000,0x000000000000,-,-, 5.0, -, None 
09/04/2025,10:31:59,,,,0x2c50,HBD
09/04/2025,10:32:02,09/04/2025,10:32:04,8674886293973,0x2c51,GTFRI,0x00fe2fbf,802003,0x0902,0x0915,0,-,0000,-,01,00,22,00,-,00,000000,0000,0x0000,00000000,00000000,00000000000000,0724,0006,c4a7,07a71434,0x000000,0x0000000000,0x000000,0x000000000000,-,-, 5.0, -, None 
09/04/2025,10:32:07,09/04/2025,10:32:09,8674886293973,0x2c52,GTFRI,0x00fe2fbf,802003,0x0902,0x0915,0,-,0000,-,01,00,22,00,-,00,000000,0000,0x0000,00000000,00000000,00000000000000,0724,0006,c4a7,07a71434,0x000000,0x0000000000,0x000000,0x000000000000,-,-, 5.0, -, None 
09/04/2025,10:32:12,09/04/2025,10:32:14,8674886293973,0x2c53,GTFRI,0x00fe2fbf,802003,0x0902,0x0915,0,-,0000,-,01,00,22,00,-,00,000000,0000,0x0000,00000000,00000000,00000000000000,0724,0006,c4a7,07a71434,0x000000,0x0000000000,0x000000,0x000000000000,-,-, 5.0, -, None 
09/04/2025,10:32:17,09/04/2025,10:32:19,8674886293973,0x2c54,GTFRI,0x00fe2fbf,802003,0x0902,0x0915,0,-,0000,-,01,00,22,00,-,00,000000,0000,0x0000,00000000,00000000,00000000000000,0724,0006,c4a7,07a71434,0x000000,0x0000000000,0x000000,0x000000000000,-,-, 5.0, -, None 
09/04/2025,10:32:22,09/04/2025,10:32:24,8674886293973,0x2c55,GTFRI,0x00fe2fbf,802003,0x0902,0x0915,0,-,0000,-,01,00,22,00,-,00,000000,0000,0x0000,00000000,00000000,00000000000000,0724,0006,c4a7,07a71434,0x000000,0x0000000000,0x000000,0x000000000000,-,-, 5.0, -, None 
09/04/2025,10:32:27,09/04/2025,10:32:29,8674886293973,0x2c56,GTFRI,0x00fe2fbf,802003,0x0902,0x0915,0,-,0000,-,01,00,22,00,-,00,000000,0000,0x0000,00000000,00000000,00000000000000,0724,0006,c4a7,07a71434,0x000000,0x0000000000,0x000000,0x000000000000,-,-, 5.0, -, None 
09/04/2025,10:32:32,09/04/2025,10:32:34,8674886293973,0x2c57,GTFRI,0x00fe2fbf,802003,0x0902,0x0915,0,-,0000,-,01,00,22,00,-,00,000000,0000,0x0000,00000000,00000000,00000000000000,0724,0006,c4a7,07a71434,0x000000,0x0000000000,0x000000,0x000000000000,-,-, 5.0, -, None 
09/04/2025,10:32:37,09/04/2025,10:32:39,8674886293973,0x2c58,GTFRI,0x00fe2fbf,802003,0x0902,0x0915,0,-,0000,-,01,00,22,00,-,00,000000,0000,0x0000,00000000,00000000,00000000000000,0724,0006,c4a7,07a71434,0x000000,0x0000000000,0x000000,0x000000000000,-,-, 5.0, -, None 
09/04/2025,10:32:42,09/04/2025,10:32:44,8674886293973,0x2c59,GTFRI,0x00fe2fbf,802003,0x0902,0x0915,0,-,0000,-,01,00,22,00,-,00,000000,0000,0x0000,00000000,00000000,00000000000000,0724,0006,c4a7,07a71434,0x000000,0x0000000000,0x000000,0x000000000000,-,-, 5.0, -, None 
09/04/2025,10:32:47,09/04/2025,10:32:49,8674886293973,0x2c5a,GTFRI,0x00fe2fbf,802003,0x0902,0x0915,0,-,0000,-,01,00,22,00,-,00,000000,0000,0x0000,00000000,00000000,00000000000000,0724,0006,c4a7,07a71434,0x000000,0x0000000000,0x000000,0x000000000000,-,-, 5.0, -, None 
09/04/2025,10:32:52,09/04/2025,10:32:54,8674886293973,0x2c5b,GTFRI,0x00fe2fbf,802003,0x0902,0x0915,0,-,0000,-,01,00,21,00,-,00,000000,0000,0x0000,00000000,00000000,00000000000000,0724,0006,c4a7,07a71434,0x000000,0x0000000000,0x000000,0x000000000000,-,-, 5.0, -, None 
09/04/2025,10:32:57,09/04/2025,10:32:59,8674886293973,0x2c5c,GTFRI,0x00fe2fbf,802003,0x0902,0x0915,0,-,0000,-,01,00,21,00,-,00,000000,0000,0x0000,00000000,00000000,00000000000000,0724,0006,c4a7,07a71434,0x000000,0x0000000000,0x000000,0x000000000000,-,-, 5.0, -, None 
09/04/2025,10:33:02,09/04/2025,10:33:04,8674886293973,0x2c5d,GTFRI,0x00fe2fbf,802003,0x0902,0x0915,0,-,0000,-,01,00,21,00,-,00,000000,0000,0x0000,00000000,00000000,00000000000000,0724,0006,c4a7,07a71434,0x000000,0x0000000000,0x000000,0x000000000000,-,-, 5.0, -, None 
09/04/2025,10:33:07,09/04/2025,10:33:09,8674886293973,0x2c5e,GTFRI,0x00fe2fbf,802003,0x0902,0x0915,0,-,0000,-,01,00,21,00,-,00,000000,0000,0x0000,00000000,00000000,00000000000000,0724,0006,c4a7,07a71434,0x000000,0x0000000000,0x000000,0x000000000000,-,-, 5.0, -, None 
09/04/2025,10:33:12,09/04/2025,10:33:14,8674886293973,0x2c5f,GTFRI,0x00fe2fbf,802003,0x0902,0x0915,0,-,0000,-,01,00,21,00,-,00,000000,0000,0x0000,00000000,00000000,00000000000000,0724,0006,c4a7,07a71434,0x000000,0x0000000000,0x000000,0x000000000000,-,-, 5.0, -, None 
09/04/2025,10:33:17,09/04/2025,10:33:19,8674886293973,0x2c60,GTFRI,0x00fe2fbf,802003,0x0902,0x0915,0,-,0000,-,01,00,21,00,-,00,000000,0000,0x0000,00000000,00000000,00000000000000,0724,0006,c4a7,07a71434,0x000000,0x0000000000,0x000000,0x000000000000,-,-, 5.0, -, None 
09/04/2025,10:33:22,09/04/2025,10:33:24,8674886293973,0x2c61,GTFRI,0x00fe2fbf,802003,0x0902,0x0915,0,-,0000,-,01,00,21,00,-,00,000000,0000,0x0000,00000000,00000000,00000000000000,0724,0006,c4a7,07a71434,0x000000,0x0000000000,0x000000,0x000000000000,-,-, 5.0, -, None 
09/04/2025,10:33:27,09/04/2025,10:33:29,8674886293973,0x2c62,GTFRI,0x00fe2fbf,802003,0x0902,0x0915,0,-,0000,-,01,00,21,00,-,00,000000,0000,0x0000,00000000,00000000,00000000000000,0724,0006,c4a7,07a71434,0x000000,0x0000000000,0x000000,0x000000000000,-,-, 5.0, -, None 
09/04/2025,10:33:32,09/04/2025,10:33:34,8674886293973,0x2c63,GTFRI,0x00fe2fbf,802003,0x0902,0x0915,0,-,0000,-,01,00,22,00,-,00,000000,0000,0x0000,00000000,00000000,00000000000000,0724,0006,c4a7,07a71434,0x000000,0x0000000000,0x000000,0x000000000000,-,-, 5.0, -, None 
09/04/2025,10:33:37,09/04/2025,10:33:39,8674886293973,0x2c64,GTFRI,0x00fe2fbf,802003,0x0902,0x0915,0,-,0000,-,01,00,22,00,-,00,000000,0000,0x0000,00000000,00000000,00000000000000,0724,0006,c4a7,07a71434,0x000000,0x0000000000,0x000000,0x000000000000,-,-, 5.0, -, None 
09/04/2025,10:33:42,09/04/2025,10:33:44,8674886293973,0x2c65,GTFRI,0x00fe2fbf,802003,0x0902,0x0915,0,-,0000,-,01,00,22,00,-,00,000000,0000,0x0000,00000000,00000000,00000000000000,0724,0006,c4a7,07a71434,0x000000,0x0000000000,0x000000,0x000000000000,-,-, 5.0, -, None 
09/04/2025,10:33:47,09/04/2025,10:33:49,8674886293973,0x2c66,GTFRI,0x00fe2fbf,802003,0x0902,0x0915,0,-,0000,-,01,00,22,00,-,00,000000,0000,0x0000,00000000,00000000,00000000000000,0724,0006,c4a7,07a71434,0x000000,0x0000000000,0x000000,0x000000000000,-,-, 5.0, -, None 
09/04/2025,10:33:52,09/04/2025,10:33:54,8674886293973,0x2c67,GTFRI,0x00fe2fbf,802003,0x0902,0x0915,0,-,0000,-,01,00,22,00,-,00,000000,0000,0x0000,00000000,00000000,00000000000000,0724,0006,c4a7,07a71434,0x000000,0x0000000000,0x000000,0x000000000000,-,-, 5.0, -, None 
09/04/2025,10:33:57,09/04/2025,10:33:59,8674886293973,0x2c68,GTFRI,0x00fe2fbf,802003,0x0902,0x0915,0,-,0000,-,01,00,22,00,-,00,000000,0000,0x0000,00000000,00000000,00000000000000,0724,0006,c4a7,07a71434,0x000000,0x0000000000,0x000000,0x000000000000,-,-, 5.0, -, None 
09/04/2025,10:33:59,,,,0x2c69,HBD
09/04/2025,10:34:02,09/04/2025,10:34:04,8674886293973,0x2c6a,GTFRI,0x00fe2fbf,802003,0x0902,0x0915,0,-,0000,-,01,00,22,00,-,00,000000,0000,0x0000,00000000,00000000,00000000000000,0724,0006,c4a7,07a71434,0x000000,0x0000000000,0x000000,0x000000000000,-,-, 5.0, -, None 
09/04/2025,10:34:07,09/04/2025,10:34:09,8674886293973,0x2c6b,GTFRI,0x00fe2fbf,802003,0x0902,0x0915,0,-,0000,-,01,00,22,00,-,00,000000,0000,0x0000,00000000,00000000,00000000000000,0724,0006,c4a7,07a71434,0x000000,0x0000000000,0x000000,0x000000000000,-,-, 5.0, -, None 
09/04/2025,10:34:12,09/04/2025,10:34:14,8674886293973,0x2c6c,GTFRI,0x00fe2fbf,802003,0x0902,0x0915,0,-,0000,-,01,00,22,00,-,00,000000,0000,0x0000,00000000,00000000,00000000000000,0724,0006,c4a7,07a71434,0x000000,0x0000000000,0x000000,0x000000000000,-,-, 5.0, -, None 
09/04/2025,10:34:17,09/04/2025,10:34:19,8674886293973,0x2c6d,GTFRI,0x00fe2fbf,802003,0x0902,0x0915,0,-,0000,-,01,00,22,00,-,00,000000,0000,0x0000,00000000,00000000,00000000000000,0724,0006,c4a7,07a71434,0x000000,0x0000000000,0x000000,0x000000000000,-,-, 5.0, -, None 
09/04/2025,10:34:22,09/04/2025,10:34:24,8674886293973,0x2c6e,GTFRI,0x00fe2fbf,802003,0x0902,0x0915,0,-,0000,-,01,00,22,00,-,00,000000,0000,0x0000,00000000,00000000,00000000000000,0724,0006,c4a7,07a71434,0x000000,0x0000000000,0x000000,0x000000000000,-,-, 5.0, -, None 
09/04/2025,10:34:27,09/04/2025,10:34:29,8674886293973,0x2c6f,GTFRI,0x00fe2fbf,802003,0x0902,0x0915,0,-,0000,-,01,00,22,00,-,00,000000,0000,0x0000,00000000,00000000,00000000000000,0724,0006,c4a7,07a71434,0x000000,0x0000000000,0x000000,0x000000000000,-,-, 5.0, -, None 
09/04/2025,10:34:32,09/04/2025,10:34:34,8674886293973,0x2c70,GTFRI,0x00fe2fbf,802003,0x0902,0x0915,0,-,0000,-,01,00,22,00,-,00,000000,0000,0x0000,00000000,00000000,00000000000000,0724,0006,c4a7,07a71434,0x000000,0x0000000000,0x000000,0x000000000000,-,-, 5.0, -, None 
09/04/2025,10:34:37,09/04/2025,10:34:39,8674886293973,0x2c71,GTFRI,0x00fe2fbf,802003,0x0902,0x0915,0,-,0000,-,01,00,22,00,-,00,000000,0000,0x0000,00000000,00000000,00000000000000,0724,0006,c4a7,07a71434,0x000000,0x0000000000,0x000000,0x000000000000,-,-, 5.0, -, None 
09/04/2025,10:34:42,09/04/2025,10:34:44,8674886293973,0x2c72,GTFRI,0x00fe2fbf,802003,0x0902,0x0915,0,-,0000,-,01,00,22,00,-,00,000000,0000,0x0000,00000000,00000000,00000000000000,0724,0006,c4a7,07a71434,0x000000,0x0000000000,0x000000,0x000000000000,-,-, 5.0, -, None 
09/04/2025,10:34:47,09/04/2025,10:34:49,8674886293973,0x2c73,GTFRI,0x00fe2fbf,802003,0x0902,0x0915,0,-,0000,-,01,00,22,00,-,00,000000,0000,0x0000,00000000,00000000,00000000000000,0724,0006,c4a7,07a71434,0x000000,0x0000000000,0x000000,0x000000000000,-,-, 5.0, -, None 
09/04/2025,10:34:52,09/04/2025,10:34:54,8674886293973,0x2c74,GTFRI,0x00fe2fbf,802003,0x0902,0x0915,0,-,0000,-,01,00,22,00,-,00,000000,0000,0x0000,00000000,00000000,00000000000000,0724,0006,c4a7,07a71434,0x000000,0x0000000000,0x000000,0x000000000000,-,-, 5.0, -, None 
09/04/2025,10:34:57,09/04/2025,10:34:59,8674886293973,0x2c75,GTFRI,0x00fe2fbf,802003,0x0902,0x0915,0,-,0000,-,01,00,22,00,-,00,000000,0000,0x0000,00000000,00000000,00000000000000,0724,0006,c4a7,07a71434,0x000000,0x0000000000,0x000000,0x000000000000,-,-, 5.0, -, None 
09/04/2025,10:35:02,09/04/2025,10:35:04,8674886293973,0x2c76,GTFRI,0x00fe2fbf,802003,0x0902,0x0915,0,-,0000,-,01,00,21,00,-,00,000000,0000,0x0000,00000000,00000000,00000000000000,0724,0006,c4a7,07a71434,0x000000,0x0000000000,0x000000,0x000000000000,-,-, 5.0, -, None 
09/04/2025,10:35:07,09/04/2025,10:35:09,8674886293973,0x2c77,GTFRI,0x00fe2fbf,802003,0x0902,0x0915,0,-,0000,-,01,00,21,00,-,00,000000,0000,0x0000,00000000,00000000,00000000000000,0724,0006,c4a7,07a71434,0x000000,0x0000000000,0x000000,0x000000000000,-,-, 5.0, -, None 
09/04/2025,10:35:12,09/04/2025,10:35:14,8674886293973,0x2c78,GTFRI,0x00fe2fbf,802003,0x0902,0x0915,0,-,0000,-,01,00,21,00,-,00,000000,0000,0x0000,00000000,00000000,00000000000000,0724,0006,c4a7,07a71434,0x000000,0x0000000000,0x000000,0x000000000000,-,-, 5.0, -, None 
09/04/2025,10:35:17,09/04/2025,10:35:19,8674886293973,0x2c79,GTFRI,0x00fe2fbf,802003,0x0902,0x0915,0,-,0000,-,01,00,21,00,-,00,000000,0000,0x0000,00000000,00000000,00000000000000,0724,0006,c4a7,07a71434,0x000000,0x0000000000,0x000000,0x000000000000,-,-, 5.0, -, None 
09/04/2025,10:35:22,09/04/2025,10:35:24,8674886293973,0x2c7a,GTFRI,0x00fe2fbf,802003,0x0902,0x0915,0,-,0000,-,01,00,21,00,-,00,000000,0000,0x0000,00000000,00000000,00000000000000,0724,0006,c4a7,07a71434,0x000000,0x0000000000,0x000000,0x000000000000,-,-, 5.0, -, None 
09/04/2025,10:35:27,09/04/2025,10:35:29,8674886293973,0x2c7b,GTFRI,0x00fe2fbf,802003,0x0902,0x0915,0,-,0000,-,01,00,21,00,-,00,000000,0000,0x0000,00000000,00000000,00000000000000,0724,0006,c4a7,07a71434,0x000000,0x0000000000,0x000000,0x000000000000,-,-, 5.0, -, None 
09/04/2025,10:35:32,09/04/2025,10:35:34,8674886293973,0x2c7c,GTFRI,0x00fe2fbf,802003,0x0902,0x0915,0,-,0000,-,01,00,21,00,-,00,000000,0000,0x0000,00000000,00000000,00000000000000,0724,0006,c4a7,07a71434,0x000000,0x0000000000,0x000000,0x000000000000,-,-, 5.0, -, None 
09/04/2025,10:35:37,09/04/2025,10:35:39,8674886293973,0x2c7d,GTFRI,0x00fe2fbf,802003,0x0902,0x0915,0,-,0000,-,01,00,21,00,-,00,000000,0000,0x0000,00000000,00000000,00000000000000,0724,0006,c4a7,07a71434,0x000000,0x0000000000,0x000000,0x000000000000,-,-, 5.0, -, None 
09/04/2025,10:35:42,09/04/2025,10:35:44,8674886293973,0x2c7e,GTFRI,0x00fe2fbf,802003,0x0902,0x0915,0,-,0000,-,01,00,21,00,-,00,000000,0000,0x0000,00000000,00000000,00000000000000,0724,0006,c4a7,07a71434,0x000000,0x0000000000,0x000000,0x000000000000,-,-, 5.0, -, None 
09/04/2025,10:35:47,09/04/2025,10:35:49,8674886293973,0x2c7f,GTFRI,0x00fe2fbf,802003,0x0902,0x0915,0,-,0000,-,01,00,21,00,-,00,000000,0000,0x0000,00000000,00000000,00000000000000,0724,0006,c4a7,07a71434,0x000000,0x0000000000,0x000000,0x000000000000,-,-, 5.0, -, None 
09/04/2025,10:35:52,09/04/2025,10:35:54,8674886293973,0x2c80,GTFRI,0x00fe2fbf,802003,0x0902,0x0915,0,-,0000,-,01,00,21,00,-,00,000000,0000,0x0000,00000000,00000000,00000000000000,0724,0006,c4a7,07a71434,0x000000,0x0000000000,0x000000,0x000000000000,-,-, 5.0, -, None 
09/04/2025,10:35:57,09/04/2025,10:35:59,8674886293973,0x2c81,GTFRI,0x00fe2fbf,802003,0x0902,0x0915,0,-,0000,-,01,00,21,00,-,00,000000,0000,0x0000,00000000,00000000,00000000000000,0724,0006,c4a7,07a71434,0x000000,0x0000000000,0x000000,0x000000000000,-,-, 5.0, -, None 
09/04/2025,10:35:59,,,,0x2c82,HBD
09/04/2025,10:36:02,09/04/2025,10:36:04,8674886293973,0x2c83,GTFRI,0x00fe2fbf,802003,0x0902,0x0915,0,-,0000,-,01,00,21,00,-,00,000000,0000,0x0000,00000000,00000000,00000000000000,0724,0006,c4a7,07a71434,0x000000,0x0000000000,0x000000,0x000000000000,-,-, 5.0, -, None 
09/04/2025,10:36:07,09/04/2025,10:36:09,8674886293973,0x2c84,GTFRI,0x00fe2fbf,802003,0x0902,0x0915,0,-,0000,-,01,00,21,00,-,00,000000,0000,0x0000,00000000,00000000,00000000000000,0724,0006,c4a7,07a71434,0x000000,0x0000000000,0x000000,0x000000000000,-,-, 5.0, -, None 
09/04/2025,10:36:12,09/04/2025,10:36:14,8674886293973,0x2c85,GTFRI,0x00fe2fbf,802003,0x0902,0x0915,0,-,0000,-,01,00,21,00,-,00,000000,0000,0x0000,00000000,00000000,00000000000000,0724,0006,c4a7,07a71434,0x000000,0x0000000000,0x000000,0x000000000000,-,-, 5.0, -, None 
09/04/2025,10:36:17,09/04/2025,10:36:19,8674886293973,0x2c86,GTFRI,0x00fe2fbf,802003,0x0902,0x0915,0,-,0000,-,01,00,21,00,-,00,000000,0000,0x0000,00000000,00000000,00000000000000,0724,0006,c4a7,07a71434,0x000000,0x0000000000,0x000000,0x000000000000,-,-, 5.0, -, None 
09/04/2025,10:36:22,09/04/2025,10:36:24,8674886293973,0x2c87,GTFRI,0x00fe2fbf,802003,0x0902,0x0915,0,-,0000,-,01,00,21,00,-,00,000000,0000,0x0000,00000000,00000000,00000000000000,0724,0006,c4a7,07a71434,0x000000,0x0000000000,0x000000,0x000000000000,-,-, 5.0, -, None 
09/04/2025,10:36:27,09/04/2025,10:36:29,8674886293973,0x2c88,GTFRI,0x00fe2fbf,802003,0x0902,0x0915,0,-,0000,-,01,00,21,00,-,00,000000,0000,0x0000,00000000,00000000,00000000000000,0724,0006,c4a7,07a71434,0x000000,0x0000000000,0x000000,0x000000000000,-,-, 5.0, -, None 
09/04/2025,10:36:32,09/04/2025,10:36:34,8674886293973,0x2c89,GTFRI,0x00fe2fbf,802003,0x0902,0x0915,0,-,0000,-,01,00,21,00,-,00,000000,0000,0x0000,00000000,00000000,00000000000000,0724,0006,c4a7,07a71434,0x000000,0x0000000000,0x000000,0x000000000000,-,-, 5.0, -, None 
09/04/2025,10:36:37,09/04/2025,10:36:39,8674886293973,0x2c8a,GTFRI,0x00fe2fbf,802003,0x0902,0x0915,0,-,0000,-,01,00,21,00,-,00,000000,0000,0x0000,00000000,00000000,00000000000000,0724,0006,c4a7,07a71434,0x000000,0x0000000000,0x000000,0x000000000000,-,-, 5.0, -, None 
09/04/2025,10:36:42,09/04/2025,10:36:44,8674886293973,0x2c8b,GTFRI,0x00fe2fbf,802003,0x0902,0x0915,0,-,0000,-,01,00,21,00,-,00,000000,0000,0x0000,00000000,00000000,00000000000000,0724,0006,c4a7,07a71434,0x000000,0x0000000000,0x000000,0x000000000000,-,-, 5.0, -, None 
09/04/2025,10:36:47,09/04/2025,10:36:49,8674886293973,0x2c8c,GTFRI,0x00fe2fbf,802003,0x0902,0x0915,0,-,0000,-,01,00,21,00,-,00,000000,0000,0x0000,00000000,00000000,00000000000000,0724,0006,c4a7,07a71434,0x000000,0x0000000000,0x000000,0x000000000000,-,-, 5.0, -, None 
09/04/2025,10:36:52,09/04/2025,10:36:54,8674886293973,0x2c8d,GTFRI,0x00fe2fbf,802003,0x0902,0x0915,0,-,0000,-,01,00,21,00,-,00,000000,0000,0x0000,00000000,00000000,00000000000000,0724,0006,c4a7,07a71434,0x000000,0x0000000000,0x000000,0x000000000000,-,-, 5.0, -, None 
09/04/2025,10:36:57,09/04/2025,10:36:59,8674886293973,0x2c8e,GTFRI,0x00fe2fbf,802003,0x0902,0x0915,0,-,0000,-,01,00,21,00,-,00,000000,0000,0x0000,00000000,00000000,00000000000000,0724,0006,c4a7,07a71434,0x000000,0x0000000000,0x000000,0x000000000000,-,-, 5.0, -, None 
09/04/2025,10:37:02,09/04/2025,10:37:04,8674886293973,0x2c8f,GTFRI,0x00fe2fbf,802003,0x0902,0x0915,0,-,0000,-,01,00,21,00,-,00,000000,0000,0x0000,00000000,00000000,00000000000000,0724,0006,c4a7,07a71434,0x000000,0x0000000000,0x000000,0x000000000000,-,-, 5.0, -, None 
09/04/2025,10:37:07,09/04/2025,10:37:09,8674886293973,0x2c90,GTFRI,0x00fe2fbf,802003,0x0902,0x0915,0,-,0000,-,01,00,21,00,-,00,000000,0000,0x0000,00000000,00000000,00000000000000,0724,0006,c4a7,07a71434,0x000000,0x0000000000,0x000000,0x000000000000,-,-, 5.0, -, None 
09/04/2025,10:37:12,09/04/2025,10:37:14,8674886293973,0x2c91,GTFRI,0x00fe2fbf,802003,0x0902,0x0915,0,-,0000,-,01,00,21,00,-,00,000000,0000,0x0000,00000000,00000000,00000000000000,0724,0006,c4a7,07a71434,0x000000,0x0000000000,0x000000,0x000000000000,-,-, 5.0, -, None 
09/04/2025,10:37:17,09/04/2025,10:37:19,8674886293973,0x2c92,GTFRI,0x00fe2fbf,802003,0x0902,0x0915,0,-,0000,-,01,00,21,00,-,00,000000,0000,0x0000,00000000,00000000,00000000000000,0724,0006,c4a7,07a71434,0x000000,0x0000000000,0x000000,0x000000000000,-,-, 5.0, -, None 
09/04/2025,10:37:22,09/04/2025,10:37:24,8674886293973,0x2c93,GTFRI,0x00fe2fbf,802003,0x0902,0x0915,0,-,0000,-,01,00,22,00,-,00,000000,0000,0x0000,00000000,00000000,00000000000000,0724,0006,c4a7,07a71434,0x000000,0x0000000000,0x000000,0x000000000000,-,-, 5.0, -, None 
09/04/2025,10:37:27,09/04/2025,10:37:29,8674886293973,0x2c94,GTFRI,0x00fe2fbf,802003,0x0902,0x0915,0,-,0000,-,01,00,22,00,-,00,000000,0000,0x0000,00000000,00000000,00000000000000,0724,0006,c4a7,07a71434,0x000000,0x0000000000,0x000000,0x000000000000,-,-, 5.0, -, None 
09/04/2025,10:37:32,09/04/2025,10:37:34,8674886293973,0x2c95,GTFRI,0x00fe2fbf,802003,0x0902,0x0915,0,-,0000,-,01,00,22,00,-,00,000000,0000,0x0000,00000000,00000000,00000000000000,0724,0006,c4a7,07a71434,0x000000,0x0000000000,0x000000,0x000000000000,-,-, 5.0, -, None 
09/04/2025,10:37:37,09/04/2025,10:37:39,8674886293973,0x2c96,GTFRI,0x00fe2fbf,802003,0x0902,0x0915,0,-,0000,-,01,00,22,00,-,00,000000,0000,0x0000,00000000,00000000,00000000000000,0724,0006,c4a7,07a71434,0x000000,0x0000000000,0x000000,0x000000000000,-,-, 5.0, -, None 
09/04/2025,10:37:42,09/04/2025,10:37:44,8674886293973,0x2c97,GTFRI,0x00fe2fbf,802003,0x0902,0x0915,0,-,0000,-,01,00,22,00,-,00,000000,0000,0x0000,00000000,00000000,00000000000000,0724,0006,c4a7,07a71434,0x000000,0x0000000000,0x000000,0x000000000000,-,-, 5.0, -, None 
09/04/2025,10:37:47,09/04/2025,10:37:49,8674886293973,0x2c98,GTFRI,0x00fe2fbf,802003,0x0902,0x0915,0,-,0000,-,01,00,22,00,-,00,000000,0000,0x0000,00000000,00000000,00000000000000,0724,0006,c4a7,07a71434,0x000000,0x0000000000,0x000000,0x000000000000,-,-, 5.0, -, None 
09/04/2025,10:37:52,09/04/2025,10:37:54,8674886293973,0x2c99,GTFRI,0x00fe2fbf,802003,0x0902,0x0915,0,-,0000,-,01,00,22,00,-,00,000000,0000,0x0000,00000000,00000000,00000000000000,0724,0006,c4a7,07a71434,0x000000,0x0000000000,0x000000,0x000000000000,-,-, 5.0, -, None 
09/04/2025,10:37:57,09/04/2025,10:37:59,8674886293973,0x2c9a,GTFRI,0x00fe2fbf,802003,0x0902,0x0915,0,-,0000,-,01,00,22,00,-,00,000000,0000,0x0000,00000000,00000000,00000000000000,0724,0006,c4a7,07a71434,0x000000,0x0000000000,0x000000,0x000000000000,-,-, 5.0, -, None 
09/04/2025,10:37:59,,,,0x2c9b,HBD
09/04/2025,10:38:02,09/04/2025,10:38:04,8674886293973,0x2c9c,GTFRI,0x00fe2fbf,802003,0x0902,0x0915,0,-,0000,-,01,00,21,00,-,00,000000,0000,0x0000,00000000,00000000,00000000000000,0724,0006,c4a7,07a71434,0x000000,0x0000000000,0x000000,0x000000000000,-,-, 5.0, -, None 
09/04/2025,10:38:07,09/04/2025,10:38:09,8674886293973,0x2c9d,GTFRI,0x00fe2fbf,802003,0x0902,0x0915,0,-,0000,-,01,00,21,00,-,00,000000,0000,0x0000,00000000,00000000,00000000000000,0724,0006,c4a7,07a71434,0x000000,0x0000000000,0x000000,0x000000000000,-,-, 5.0, -, None 
09/04/2025,10:38:12,09/04/2025,10:38:14,8674886293973,0x2c9e,GTFRI,0x00fe2fbf,802003,0x0902,0x0915,0,-,0000,-,01,00,21,00,-,00,000000,0000,0x0000,00000000,00000000,00000000000000,0724,0006,c4a7,07a71434,0x000000,0x0000000000,0x000000,0x000000000000,-,-, 5.0, -, None 
09/04/2025,10:38:17,09/04/2025,10:38:19,8674886293973,0x2c9f,GTFRI,0x00fe2fbf,802003,0x0902,0x0915,0,-,0000,-,01,00,21,00,-,00,000000,0000,0x0000,00000000,00000000,00000000000000,0724,0006,c4a7,07a71434,0x000000,0x0000000000,0x000000,0x000000000000,-,-, 5.0, -, None 
09/04/2025,10:38:22,09/04/2025,10:38:24,8674886293973,0x2ca0,GTFRI,0x00fe2fbf,802003,0x0902,0x0915,0,-,0000,-,01,00,21,00,-,00,000000,0000,0x0000,00000000,00000000,00000000000000,0724,0006,c4a7,07a71434,0x000000,0x0000000000,0x000000,0x000000000000,-,-, 5.0, -, None 
09/04/2025,10:38:27,09/04/2025,10:38:29,8674886293973,0x2ca1,GTFRI,0x00fe2fbf,802003,0x0902,0x0915,0,-,0000,-,01,00,21,00,-,00,000000,0000,0x0000,00000000,00000000,00000000000000,0724,0006,c4a7,07a71434,0x000000,0x0000000000,0x000000,0x000000000000,-,-, 5.0, -, None 
09/04/2025,10:38:32,09/04/2025,10:38:34,8674886293973,0x2ca2,GTFRI,0x00fe2fbf,802003,0x0902,0x0915,0,-,0000,-,01,00,21,00,-,00,000000,0000,0x0000,00000000,00000000,00000000000000,0724,0006,c4a7,07a71434,0x000000,0x0000000000,0x000000,0x000000000000,-,-, 5.0, -, None 
09/04/2025,10:38:37,09/04/2025,10:38:39,8674886293973,0x2ca3,GTFRI,0x00fe2fbf,802003,0x0902,0x0915,0,-,0000,-,01,00,21,00,-,00,000000,0000,0x0000,00000000,00000000,00000000000000,0724,0006,c4a7,07a71434,0x000000,0x0000000000,0x000000,0x000000000000,-,-, 5.0, -, None 
09/04/2025,10:38:42,09/04/2025,10:38:44,8674886293973,0x2ca4,GTFRI,0x00fe2fbf,802003,0x0902,0x0915,0,-,0000,-,01,00,21,00,-,00,000000,0000,0x0000,00000000,00000000,00000000000000,0724,0006,c4a7,07a71434,0x000000,0x0000000000,0x000000,0x000000000000,-,-, 5.0, -, None 
09/04/2025,10:38:47,09/04/2025,10:38:49,8674886293973,0x2ca5,GTFRI,0x00fe2fbf,802003,0x0902,0x0915,0,-,0000,-,01,00,21,00,-,00,000000,0000,0x0000,00000000,00000000,00000000000000,0724,0006,c4a7,07a71434,0x000000,0x0000000000,0x000000,0x000000000000,-,-, 5.0, -, None 
09/04/2025,10:38:52,09/04/2025,10:38:54,8674886293973,0x2ca6,GTFRI,0x00fe2fbf,802003,0x0902,0x0915,0,-,0000,-,01,00,21,00,-,00,000000,0000,0x0000,00000000,00000000,00000000000000,0724,0006,c4a7,07a71434,0x000000,0x0000000000,0x000000,0x000000000000,-,-, 5.0, -, None 
09/04/2025,10:38:57,09/04/2025,10:38:59,8674886293973,0x2ca7,GTFRI,0x00fe2fbf,802003,0x0902,0x0915,0,-,0000,-,01,00,21,00,-,00,000000,0000,0x0000,00000000,00000000,00000000000000,0724,0006,c4a7,07a71434,0x000000,0x0000000000,0x000000,0x000000000000,-,-, 5.0, -, None 
09/04/2025,10:39:02,09/04/2025,10:39:04,8674886293973,0x2ca8,GTFRI,0x00fe2fbf,802003,0x0902,0x0915,0,-,0000,-,01,00,21,00,-,00,000000,0000,0x0000,00000000,00000000,00000000000000,0724,0006,c4a7,07a71434,0x000000,0x0000000000,0x000000,0x000000000000,-,-, 5.0, -, None 
09/04/2025,10:39:07,09/04/2025,10:39:09,8674886293973,0x2ca9,GTFRI,0x00fe2fbf,802003,0x0902,0x0915,0,-,0000,-,01,00,21,00,-,00,000000,0000,0x0000,00000000,00000000,00000000000000,0724,0006,c4a7,07a71434,0x000000,0x0000000000,0x000000,0x000000000000,-,-, 5.0, -, None 
09/04/2025,10:39:12,09/04/2025,10:39:14,8674886293973,0x2caa,GTFRI,0x00fe2fbf,802003,0x0902,0x0915,0,-,0000,-,01,00,21,00,-,00,000000,0000,0x0000,00000000,00000000,00000000000000,0724,0006,c4a7,07a71434,0x000000,0x0000000000,0x000000,0x000000000000,-,-, 5.0, -, None 
09/04/2025,10:39:17,09/04/2025,10:39:19,8674886293973,0x2cab,GTFRI,0x00fe2fbf,802003,0x0902,0x0915,0,-,0000,-,01,00,21,00,-,00,000000,0000,0x0000,00000000,00000000,00000000000000,0724,0006,c4a7,07a71434,0x000000,0x0000000000,0x000000,0x000000000000,-,-, 5.0, -, None 
09/04/2025,10:39:22,09/04/2025,10:39:24,8674886293973,0x2cac,GTFRI,0x00fe2fbf,802003,0x0902,0x0915,0,-,0000,-,01,00,21,00,-,00,000000,0000,0x0000,00000000,00000000,00000000000000,0724,0006,c4a7,07a71434,0x000000,0x0000000000,0x000000,0x000000000000,-,-, 5.0, -, None 
09/04/2025,10:39:27,09/04/2025,10:39:29,8674886293973,0x2cad,GTFRI,0x00fe2fbf,802003,0x0902,0x0915,0,-,0000,-,01,00,22,00,-,00,000000,0000,0x0000,00000000,00000000,00000000000000,0724,0006,c4a7,07a71434,0x000000,0x0000000000,0x000000,0x000000000000,-,-, 5.0, -, None 
09/04/2025,10:39:32,09/04/2025,10:39:34,8674886293973,0x2cae,GTFRI,0x00fe2fbf,802003,0x0902,0x0915,0,-,0000,-,01,00,22,00,-,00,000000,0000,0x0000,00000000,00000000,00000000000000,0724,0006,c4a7,07a71434,0x000000,0x0000000000,0x000000,0x000000000000,-,-, 5.0, -, None 
09/04/2025,10:39:37,09/04/2025,10:39:39,8674886293973,0x2caf,GTFRI,0x00fe2fbf,802003,0x0902,0x0915,0,-,0000,-,01,00,22,00,-,00,000000,0000,0x0000,00000000,00000000,00000000000000,0724,0006,c4a7,07a71434,0x000000,0x0000000000,0x000000,0x000000000000,-,-, 5.0, -, None 
09/04/2025,10:39:42,09/04/2025,10:39:44,8674886293973,0x2cb0,GTFRI,0x00fe2fbf,802003,0x0902,0x0915,0,-,0000,-,01,00,22,00,-,00,000000,0000,0x0000,00000000,00000000,00000000000000,0724,0006,c4a7,07a71434,0x000000,0x0000000000,0x000000,0x000000000000,-,-, 5.0, -, None 
09/04/2025,10:39:47,09/04/2025,10:39:49,8674886293973,0x2cb1,GTFRI,0x00fe2fbf,802003,0x0902,0x0915,0,-,0000,-,01,00,22,00,-,00,000000,0000,0x0000,00000000,00000000,00000000000000,0724,0006,c4a7,07a71434,0x000000,0x0000000000,0x000000,0x000000000000,-,-, 5.0, -, None 
09/04/2025,10:39:52,09/04/2025,10:39:54,8674886293973,0x2cb2,GTFRI,0x00fe2fbf,802003,0x0902,0x0915,0,-,0000,-,01,00,22,00,-,00,000000,0000,0x0000,00000000,00000000,00000000000000,0724,0006,c4a7,07a71434,0x000000,0x0000000000,0x000000,0x000000000000,-,-, 5.0, -, None 
09/04/2025,10:39:57,09/04/2025,10:39:59,8674886293973,0x2cb3,GTFRI,0x00fe2fbf,802003,0x0902,0x0915,0,-,0000,-,01,00,22,00,-,00,000000,0000,0x0000,00000000,00000000,00000000000000,0724,0006,c4a7,07a71434,0x000000,0x0000000000,0x000000,0x000000000000,-,-, 5.0, -, None 
09/04/2025,10:40:00,,,,0x2cb4,HBD
09/04/2025,10:40:02,09/04/2025,10:40:04,8674886293973,0x2cb5,GTFRI,0x00fe2fbf,802003,0x0902,0x0915,0,-,0000,-,01,00,21,00,-,00,000000,0000,0x0000,00000000,00000000,00000000000000,0724,0006,c4a7,07a71434,0x000000,0x0000000000,0x000000,0x000000000000,-,-, 5.0, -, None 
09/04/2025,10:40:07,09/04/2025,10:40:09,8674886293973,0x2cb6,GTFRI,0x00fe2fbf,802003,0x0902,0x0915,0,-,0000,-,01,00,21,00,-,00,000000,0000,0x0000,00000000,00000000,00000000000000,0724,0006,c4a7,07a71434,0x000000,0x0000000000,0x000000,0x000000000000,-,-, 5.0, -, None 
09/04/2025,10:40:12,09/04/2025,10:40:14,8674886293973,0x2cb7,GTFRI,0x00fe2fbf,802003,0x0902,0x0915,0,-,0000,-,01,00,21,00,-,00,000000,0000,0x0000,00000000,00000000,00000000000000,0724,0006,c4a7,07a71434,0x000000,0x0000000000,0x000000,0x000000000000,-,-, 5.0, -, None 
09/04/2025,10:40:17,09/04/2025,10:40:19,8674886293973,0x2cb8,GTFRI,0x00fe2fbf,802003,0x0902,0x0915,0,-,0000,-,01,00,21,00,-,00,000000,0000,0x0000,00000000,00000000,00000000000000,0724,0006,c4a7,07a71434,0x000000,0x0000000000,0x000000,0x000000000000,-,-, 5.0, -, None 
09/04/2025,10:40:22,09/04/2025,10:40:24,8674886293973,0x2cb9,GTFRI,0x00fe2fbf,802003,0x0902,0x0915,0,-,0000,-,01,00,21,00,-,00,000000,0000,0x0000,00000000,00000000,00000000000000,0724,0006,c4a7,07a71434,0x000000,0x0000000000,0x000000,0x000000000000,-,-, 5.0, -, None 
09/04/2025,10:40:27,09/04/2025,10:40:29,8674886293973,0x2cba,GTFRI,0x00fe2fbf,802003,0x0902,0x0915,0,-,0000,-,01,00,21,00,-,00,000000,0000,0x0000,00000000,00000000,00000000000000,0724,0006,c4a7,07a71434,0x000000,0x0000000000,0x000000,0x000000000000,-,-, 5.0, -, None 
09/04/2025,10:40:32,09/04/2025,10:40:34,8674886293973,0x2cbb,GTFRI,0x00fe2fbf,802003,0x0902,0x0915,0,-,0000,-,01,00,21,00,-,00,000000,0000,0x0000,00000000,00000000,00000000000000,0724,0006,c4a7,07a71434,0x000000,0x0000000000,0x000000,0x000000000000,-,-, 5.0, -, None 
09/04/2025,10:40:37,09/04/2025,10:40:39,8674886293973,0x2cbc,GTFRI,0x00fe2fbf,802003,0x0902,0x0915,0,-,0000,-,01,00,21,00,-,00,000000,0000,0x0000,00000000,00000000,00000000000000,0724,0006,c4a7,07a71434,0x000000,0x0000000000,0x000000,0x000000000000,-,-, 5.0, -, None 
09/04/2025,10:40:42,09/04/2025,10:40:44,8674886293973,0x2cbd,GTFRI,0x00fe2fbf,802003,0x0902,0x0915,0,-,0000,-,01,00,21,00,-,00,000000,0000,0x0000,00000000,00000000,00000000000000,0724,0006,c4a7,07a71434,0x000000,0x0000000000,0x000000,0x000000000000,-,-, 5.0, -, None 
09/04/2025,10:40:47,09/04/2025,10:40:49,8674886293973,0x2cbe,GTFRI,0x00fe2fbf,802003,0x0902,0x0915,0,-,0000,-,01,00,21,00,-,00,000000,0000,0x0000,00000000,00000000,00000000000000,0724,0006,c4a7,07a71434,0x000000,0x0000000000,0x000000,0x000000000000,-,-, 5.0, -, None 
09/04/2025,10:40:52,09/04/2025,10:40:54,8674886293973,0x2cbf,GTFRI,0x00fe2fbf,802003,0x0902,0x0915,0,-,0000,-,01,00,21,00,-,00,000000,0000,0x0000,00000000,00000000,00000000000000,0724,0006,c4a7,07a71434,0x000000,0x0000000000,0x000000,0x000000000000,-,-, 5.0, -, None 
09/04/2025,10:40:57,09/04/2025,10:40:59,8674886293973,0x2cc0,GTFRI,0x00fe2fbf,802003,0x0902,0x0915,0,-,0000,-,01,00,21,00,-,00,000000,0000,0x0000,00000000,00000000,00000000000000,0724,0006,c4a7,07a71434,0x000000,0x0000000000,0x000000,0x000000000000,-,-, 5.0, -, None 
09/04/2025,10:41:02,09/04/2025,10:41:04,8674886293973,0x2cc1,GTFRI,0x00fe2fbf,802003,0x0902,0x0915,0,-,0000,-,01,00,21,00,-,00,000000,0000,0x0000,00000000,00000000,00000000000000,0724,0006,c4a7,07a71434,0x000000,0x0000000000,0x000000,0x000000000000,-,-, 5.0, -, None 
09/04/2025,10:41:07,09/04/2025,10:41:09,8674886293973,0x2cc2,GTFRI,0x00fe2fbf,802003,0x0902,0x0915,0,-,0000,-,01,00,21,00,-,00,000000,0000,0x0000,00000000,00000000,00000000000000,0724,0006,c4a7,07a71434,0x000000,0x0000000000,0x000000,0x000000000000,-,-, 5.0, -, None 
09/04/2025,10:41:12,09/04/2025,10:41:14,8674886293973,0x2cc3,GTFRI,0x00fe2fbf,802003,0x0902,0x0915,0,-,0000,-,01,00,21,00,-,00,000000,0000,0x0000,00000000,00000000,00000000000000,0724,0006,c4a7,07a71434,0x000000,0x0000000000,0x000000,0x000000000000,-,-, 5.0, -, None 
09/04/2025,10:41:17,09/04/2025,10:41:19,8674886293973,0x2cc4,GTFRI,0x00fe2fbf,802003,0x0902,0x0915,0,-,0000,-,01,00,21,00,-,00,000000,0000,0x0000,00000000,00000000,00000000000000,0724,0006,c4a7,07a71434,0x000000,0x0000000000,0x000000,0x000000000000,-,-, 5.0, -, None 
09/04/2025,10:41:22,09/04/2025,10:41:24,8674886293973,0x2cc5,GTFRI,0x00fe2fbf,802003,0x0902,0x0915,0,-,0000,-,01,00,22,00,-,00,000000,0000,0x0000,00000000,00000000,00000000000000,0724,0006,c4a7,07a71434,0x000000,0x0000000000,0x000000,0x000000000000,-,-, 5.0, -, None 
09/04/2025,10:41:27,09/04/2025,10:41:29,8674886293973,0x2cc6,GTFRI,0x00fe2fbf,802003,0x0902,0x0915,0,-,0000,-,01,00,22,00,-,00,000000,0000,0x0000,00000000,00000000,00000000000000,0724,0006,c4a7,07a71434,0x000000,0x0000000000,0x000000,0x000000000000,-,-, 5.0, -, None 
09/04/2025,10:41:32,09/04/2025,10:41:34,8674886293973,0x2cc7,GTFRI,0x00fe2fbf,802003,0x0902,0x0915,0,-,0000,-,01,00,22,00,-,00,000000,0000,0x0000,00000000,00000000,00000000000000,0724,0006,c4a7,07a71434,0x000000,0x0000000000,0x000000,0x000000000000,-,-, 5.0, -, None 
09/04/2025,10:41:37,09/04/2025,10:41:39,8674886293973,0x2cc8,GTFRI,0x00fe2fbf,802003,0x0902,0x0915,0,-,0000,-,01,00,22,00,-,00,000000,0000,0x0000,00000000,00000000,00000000000000,0724,0006,c4a7,07a71434,0x000000,0x0000000000,0x000000,0x000000000000,-,-, 5.0, -, None 
09/04/2025,10:41:42,09/04/2025,10:41:44,8674886293973,0x2cc9,GTFRI,0x00fe2fbf,802003,0x0902,0x0915,0,-,0000,-,01,00,22,00,-,00,000000,0000,0x0000,00000000,00000000,00000000000000,0724,0006,c4a7,07a71434,0x000000,0x0000000000,0x000000,0x000000000000,-,-, 5.0, -, None 
09/04/2025,10:41:47,09/04/2025,10:41:49,8674886293973,0x2cca,GTFRI,0x00fe2fbf,802003,0x0902,0x0915,0,-,0000,-,01,00,22,00,-,00,000000,0000,0x0000,00000000,00000000,00000000000000,0724,0006,c4a7,07a71434,0x000000,0x0000000000,0x000000,0x000000000000,-,-, 5.0, -, None 
09/04/2025,10:41:52,09/04/2025,10:41:54,8674886293973,0x2ccb,GTFRI,0x00fe2fbf,802003,0x0902,0x0915,0,-,0000,-,01,00,22,00,-,00,000000,0000,0x0000,00000000,00000000,00000000000000,0724,0006,c4a7,07a71434,0x000000,0x0000000000,0x000000,0x000000000000,-,-, 5.0, -, None 
09/04/2025,10:41:57,09/04/2025,10:41:59,8674886293973,0x2ccc,GTFRI,0x00fe2fbf,802003,0x0902,0x0915,0,-,0000,-,01,00,22,00,-,00,000000,0000,0x0000,00000000,00000000,00000000000000,0724,0006,c4a7,07a71434,0x000000,0x0000000000,0x000000,0x000000000000,-,-, 5.0, -, None 
09/04/2025,10:42:00,,,,0x2ccd,HBD
09/04/2025,10:42:02,09/04/2025,10:42:04,8674886293973,0x2cce,GTFRI,0x00fe2fbf,802003,0x0902,0x0915,0,-,0000,-,01,00,22,00,-,00,000000,0000,0x0000,00000000,00000000,00000000000000,0724,0006,c4a7,07a71434,0x000000,0x0000000000,0x000000,0x000000000000,-,-, 5.0, -, None 
09/04/2025,10:42:07,09/04/2025,10:42:09,8674886293973,0x2ccf,GTFRI,0x00fe2fbf,802003,0x0902,0x0915,0,-,0000,-,01,00,22,00,-,00,000000,0000,0x0000,00000000,00000000,00000000000000,0724,0006,c4a7,07a71434,0x000000,0x0000000000,0x000000,0x000000000000,-,-, 5.0, -, None 
09/04/2025,10:42:12,09/04/2025,10:42:14,8674886293973,0x2cd0,GTFRI,0x00fe2fbf,802003,0x0902,0x0915,0,-,0000,-,01,00,22,00,-,00,000000,0000,0x0000,00000000,00000000,00000000000000,0724,0006,c4a7,07a71434,0x000000,0x0000000000,0x000000,0x000000000000,-,-, 5.0, -, None 
09/04/2025,10:42:17,09/04/2025,10:42:19,8674886293973,0x2cd1,GTFRI,0x00fe2fbf,802003,0x0902,0x0915,0,-,0000,-,01,00,22,00,-,00,000000,0000,0x0000,00000000,00000000,00000000000000,0724,0006,c4a7,07a71434,0x000000,0x0000000000,0x000000,0x000000000000,-,-, 5.0, -, None 
09/04/2025,10:42:22,09/04/2025,10:42:24,8674886293973,0x2cd2,GTFRI,0x00fe2fbf,802003,0x0902,0x0915,0,-,0000,-,01,00,22,00,-,00,000000,0000,0x0000,00000000,00000000,00000000000000,0724,0006,c4a7,07a71434,0x000000,0x0000000000,0x000000,0x000000000000,-,-, 5.0, -, None 
09/04/2025,10:42:27,09/04/2025,10:42:29,8674886293973,0x2cd3,GTFRI,0x00fe2fbf,802003,0x0902,0x0915,0,-,0000,-,01,00,22,00,-,00,000000,0000,0x0000,00000000,00000000,00000000000000,0724,0006,c4a7,07a71434,0x000000,0x0000000000,0x000000,0x000000000000,-,-, 5.0, -, None 
09/04/2025,10:42:32,09/04/2025,10:42:34,8674886293973,0x2cd4,GTFRI,0x00fe2fbf,802003,0x0902,0x0915,0,-,0000,-,01,00,22,00,-,00,000000,0000,0x0000,00000000,00000000,00000000000000,0724,0006,c4a7,07a71434,0x000000,0x0000000000,0x000000,0x000000000000,-,-, 5.0, -, None 
09/04/2025,10:42:37,09/04/2025,10:42:39,8674886293973,0x2cd5,GTFRI,0x00fe2fbf,802003,0x0902,0x0915,0,-,0000,-,01,00,22,00,-,00,000000,0000,0x0000,00000000,00000000,00000000000000,0724,0006,c4a7,07a71434,0x000000,0x0000000000,0x000000,0x000000000000,-,-, 5.0, -, None 
09/04/2025,10:42:42,09/04/2025,10:42:44,8674886293973,0x2cd6,GTFRI,0x00fe2fbf,802003,0x0902,0x0915,0,-,0000,-,01,00,22,00,-,00,000000,0000,0x0000,00000000,00000000,00000000000000,0724,0006,c4a7,07a71434,0x000000,0x0000000000,0x000000,0x000000000000,-,-, 5.0, -, None 
09/04/2025,10:42:47,09/04/2025,10:42:49,8674886293973,0x2cd7,GTFRI,0x00fe2fbf,802003,0x0902,0x0915,0,-,0000,-,01,00,22,00,-,00,000000,0000,0x0000,00000000,00000000,00000000000000,0724,0006,c4a7,07a71434,0x000000,0x0000000000,0x000000,0x000000000000,-,-, 5.0, -, None 
09/04/2025,10:42:52,09/04/2025,10:42:54,8674886293973,0x2cd8,GTFRI,0x00fe2fbf,802003,0x0902,0x0915,0,-,0000,-,01,00,22,00,-,00,000000,0000,0x0000,00000000,00000000,00000000000000,0724,0006,c4a7,07a71434,0x000000,0x0000000000,0x000000,0x000000000000,-,-, 5.0, -, None 
09/04/2025,10:42:57,09/04/2025,10:42:59,8674886293973,0x2cd9,GTFRI,0x00fe2fbf,802003,0x0902,0x0915,0,-,0000,-,01,00,22,00,-,00,000000,0000,0x0000,00000000,00000000,00000000000000,0724,0006,c4a7,07a71434,0x000000,0x0000000000,0x000000,0x000000000000,-,-, 5.0, -, None 
09/04/2025,10:43:02,09/04/2025,10:43:04,8674886293973,0x2cda,GTFRI,0x00fe2fbf,802003,0x0902,0x0915,0,-,0000,-,01,00,22,00,-,00,000000,0000,0x0000,00000000,00000000,00000000000000,0724,0006,c4a7,07a71434,0x000000,0x0000000000,0x000000,0x000000000000,-,-, 5.0, -, None 
09/04/2025,10:43:07,09/04/2025,10:43:09,8674886293973,0x2cdb,GTFRI,0x00fe2fbf,802003,0x0902,0x0915,0,-,0000,-,01,00,22,00,-,00,000000,0000,0x0000,00000000,00000000,00000000000000,0724,0006,c4a7,07a71434,0x000000,0x0000000000,0x000000,0x000000000000,-,-, 5.0, -, None 
09/04/2025,10:43:12,09/04/2025,10:43:14,8674886293973,0x2cdc,GTFRI,0x00fe2fbf,802003,0x0902,0x0915,0,-,0000,-,01,00,22,00,-,00,000000,0000,0x0000,00000000,00000000,00000000000000,0724,0006,c4a7,07a71434,0x000000,0x0000000000,0x000000,0x000000000000,-,-, 5.0, -, None 
09/04/2025,10:43:17,09/04/2025,10:43:19,8674886293973,0x2cdd,GTFRI,0x00fe2fbf,802003,0x0902,0x0915,0,-,0000,-,01,00,22,00,-,00,000000,0000,0x0000,00000000,00000000,00000000000000,0724,0006,c4a7,07a71434,0x000000,0x0000000000,0x000000,0x000000000000,-,-, 5.0, -, None 
09/04/2025,10:43:22,09/04/2025,10:43:24,8674886293973,0x2cde,GTFRI,0x00fe2fbf,802003,0x0902,0x0915,0,-,0000,-,01,00,22,00,-,00,000000,0000,0x0000,00000000,00000000,00000000000000,0724,0006,c4a7,07a71434,0x000000,0x0000000000,0x000000,0x000000000000,-,-, 5.0, -, None 
09/04/2025,10:43:27,09/04/2025,10:43:29,8674886293973,0x2cdf,GTFRI,0x00fe2fbf,802003,0x0902,0x0915,0,-,0000,-,01,00,22,00,-,00,000000,0000,0x0000,00000000,00000000,00000000000000,0724,0006,c4a7,07a71434,0x000000,0x0000000000,0x000000,0x000000000000,-,-, 5.0, -, None 
09/04/2025,10:43:32,09/04/2025,10:43:34,8674886293973,0x2ce0,GTFRI,0x00fe2fbf,802003,0x0902,0x0915,0,-,0000,-,01,00,22,00,-,00,000000,0000,0x0000,00000000,00000000,00000000000000,0724,0006,c4a7,07a71434,0x000000,0x0000000000,0x000000,0x000000000000,-,-, 5.0, -, None 
09/04/2025,10:43:37,09/04/2025,10:43:39,8674886293973,0x2ce1,GTFRI,0x00fe2fbf,802003,0x0902,0x0915,0,-,0000,-,01,00,22,00,-,00,000000,0000,0x0000,00000000,00000000,00000000000000,0724,0006,c4a7,07a71434,0x000000,0x0000000000,0x000000,0x000000000000,-,-, 5.0, -, None 
09/04/2025,10:43:42,09/04/2025,10:43:44,8674886293973,0x2ce2,GTFRI,0x00fe2fbf,802003,0x0902,0x0915,0,-,0000,-,01,00,22,00,-,00,000000,0000,0x0000,00000000,00000000,00000000000000,0724,0006,c4a7,07a71434,0x000000,0x0000000000,0x000000,0x000000000000,-,-, 5.0, -, None 
09/04/2025,10:43:47,09/04/2025,10:43:49,8674886293973,0x2ce3,GTFRI,0x00fe2fbf,802003,0x0902,0x0915,0,-,0000,-,01,00,22,00,-,00,000000,0000,0x0000,00000000,00000000,00000000000000,0724,0006,c4a7,07a71434,0x000000,0x0000000000,0x000000,0x000000000000,-,-, 5.0, -, None 
09/04/2025,10:43:52,09/04/2025,10:43:54,8674886293973,0x2ce4,GTFRI,0x00fe2fbf,802003,0x0902,0x0915,0,-,0000,-,01,00,21,00,-,00,000000,0000,0x0000,00000000,00000000,00000000000000,0724,0006,c4a7,07a71434,0x000000,0x0000000000,0x000000,0x000000000000,-,-, 5.0, -, None 
09/04/2025,10:43:57,09/04/2025,10:43:59,8674886293973,0x2ce5,GTFRI,0x00fe2fbf,802003,0x0902,0x0915,0,-,0000,-,01,00,21,00,-,00,000000,0000,0x0000,00000000,00000000,00000000000000,0724,0006,c4a7,07a71434,0x000000,0x0000000000,0x000000,0x000000000000,-,-, 5.0, -, None 
09/04/2025,10:44:00,,,,0x2ce6,HBD
09/04/2025,10:44:02,09/04/2025,10:44:04,8674886293973,0x2ce7,GTFRI,0x00fe2fbf,802003,0x0902,0x0915,0,-,0000,-,01,00,21,00,-,00,000000,0000,0x0000,00000000,00000000,00000000000000,0724,0006,c4a7,07a71434,0x000000,0x0000000000,0x000000,0x000000000000,-,-, 5.0, -, None 
09/04/2025,10:44:07,09/04/2025,10:44:09,8674886293973,0x2ce8,GTFRI,0x00fe2fbf,802003,0x0902,0x0915,0,-,0000,-,01,00,21,00,-,00,000000,0000,0x0000,00000000,00000000,00000000000000,0724,0006,c4a7,07a71434,0x000000,0x0000000000,0x000000,0x000000000000,-,-, 5.0, -, None 
09/04/2025,10:44:12,09/04/2025,10:44:14,8674886293973,0x2ce9,GTFRI,0x00fe2fbf,802003,0x0902,0x0915,0,-,0000,-,01,00,21,00,-,00,000000,0000,0x0000,00000000,00000000,00000000000000,0724,0006,c4a7,07a71434,0x000000,0x0000000000,0x000000,0x000000000000,-,-, 5.0, -, None 
09/04/2025,10:44:17,09/04/2025,10:44:19,8674886293973,0x2cea,GTFRI,0x00fe2fbf,802003,0x0902,0x0915,0,-,0000,-,01,00,21,00,-,00,000000,0000,0x0000,00000000,00000000,00000000000000,0724,0006,c4a7,07a71434,0x000000,0x0000000000,0x000000,0x000000000000,-,-, 5.0, -, None 
09/04/2025,10:44:22,09/04/2025,10:44:24,8674886293973,0x2ceb,GTFRI,0x00fe2fbf,802003,0x0902,0x0915,0,-,0000,-,01,00,21,00,-,00,000000,0000,0x0000,00000000,00000000,00000000000000,0724,0006,c4a7,07a71434,0x000000,0x0000000000,0x000000,0x000000000000,-,-, 5.0, -, None 
09/04/2025,10:44:27,09/04/2025,10:44:29,8674886293973,0x2cec,GTFRI,0x00fe2fbf,802003,0x0902,0x0915,0,-,0000,-,01,00,21,00,-,00,000000,0000,0x0000,00000000,00000000,00000000000000,0724,0006,c4a7,07a71434,0x000000,0x0000000000,0x000000,0x000000000000,-,-, 5.0, -, None 
09/04/2025,10:44:32,09/04/2025,10:44:34,8674886293973,0x2ced,GTFRI,0x00fe2fbf,802003,0x0902,0x0915,0,-,0000,-,01,00,21,00,-,00,000000,0000,0x0000,00000000,00000000,00000000000000,0724,0006,c4a7,07a71434,0x000000,0x0000000000,0x000000,0x000000000000,-,-, 5.0, -, None 
09/04/2025,10:44:37,09/04/2025,10:44:39,8674886293973,0x2cee,GTFRI,0x00fe2fbf,802003,0x0902,0x0915,0,-,0000,-,01,00,21,00,-,00,000000,0000,0x0000,00000000,00000000,00000000000000,0724,0006,c4a7,07a71434,0x000000,0x0000000000,0x000000,0x000000000000,-,-, 5.0, -, None 
09/04/2025,10:44:42,09/04/2025,10:44:44,8674886293973,0x2cef,GTFRI,0x00fe2fbf,802003,0x0902,0x0915,0,-,0000,-,01,00,21,00,-,00,000000,0000,0x0000,00000000,00000000,00000000000000,0724,0006,c4a7,07a71434,0x000000,0x0000000000,0x000000,0x000000000000,-,-, 5.0, -, None 
09/04/2025,10:44:47,09/04/2025,10:44:49,8674886293973,0x2cf0,GTFRI,0x00fe2fbf,802003,0x0902,0x0915,0,-,0000,-,01,00,21,00,-,00,000000,0000,0x0000,00000000,00000000,00000000000000,0724,0006,c4a7,07a71434,0x000000,0x0000000000,0x000000,0x000000000000,-,-, 5.0, -, None 
09/04/2025,10:44:52,09/04/2025,10:44:54,8674886293973,0x2cf1,GTFRI,0x00fe2fbf,802003,0x0902,0x0915,0,-,0000,-,01,00,21,00,-,00,000000,0000,0x0000,00000000,00000000,00000000000000,0724,0006,c4a7,07a71434,0x000000,0x0000000000,0x000000,0x000000000000,-,-, 5.0, -, None 
09/04/2025,10:44:57,09/04/2025,10:44:59,8674886293973,0x2cf2,GTFRI,0x00fe2fbf,802003,0x0902,0x0915,0,-,0000,-,01,00,21,00,-,00,000000,0000,0x0000,00000000,00000000,00000000000000,0724,0006,c4a7,07a71434,0x000000,0x0000000000,0x000000,0x000000000000,-,-, 5.0, -, None 
09/04/2025,10:45:02,09/04/2025,10:45:04,8674886293973,0x2cf3,GTFRI,0x00fe2fbf,802003,0x0902,0x0915,0,-,0000,-,01,00,21,00,-,00,000000,0000,0x0000,00000000,00000000,00000000000000,0724,0006,c4a7,07a71434,0x000000,0x0000000000,0x000000,0x000000000000,-,-, 5.0, -, None 
09/04/2025,10:45:07,09/04/2025,10:45:09,8674886293973,0x2cf4,GTFRI,0x00fe2fbf,802003,0x0902,0x0915,0,-,0000,-,01,00,21,00,-,00,000000,0000,0x0000,00000000,00000000,00000000000000,0724,0006,c4a7,07a71434,0x000000,0x0000000000,0x000000,0x000000000000,-,-, 5.0, -, None 
09/04/2025,10:45:12,09/04/2025,10:45:14,8674886293973,0x2cf5,GTFRI,0x00fe2fbf,802003,0x0902,0x0915,0,-,0000,-,01,00,21,00,-,00,000000,0000,0x0000,00000000,00000000,00000000000000,0724,0006,c4a7,07a71434,0x000000,0x0000000000,0x000000,0x000000000000,-,-, 5.0, -, None 
09/04/2025,10:45:17,09/04/2025,10:45:19,8674886293973,0x2cf6,GTFRI,0x00fe2fbf,802003,0x0902,0x0915,0,-,0000,-,01,00,21,00,-,00,000000,0000,0x0000,00000000,00000000,00000000000000,0724,0006,c4a7,07a71434,0x000000,0x0000000000,0x000000,0x000000000000,-,-, 5.0, -, None 
09/04/2025,10:45:22,09/04/2025,10:45:24,8674886293973,0x2cf7,GTFRI,0x00fe2fbf,802003,0x0902,0x0915,0,-,0000,-,01,00,21,00,-,00,000000,0000,0x0000,00000000,00000000,00000000000000,0724,0006,c4a7,07a71434,0x000000,0x0000000000,0x000000,0x000000000000,-,-, 5.0, -, None 
09/04/2025,10:45:27,09/04/2025,10:45:29,8674886293973,0x2cf8,GTFRI,0x00fe2fbf,802003,0x0902,0x0915,0,-,0000,-,01,00,21,00,-,00,000000,0000,0x0000,00000000,00000000,00000000000000,0724,0006,c4a7,07a71434,0x000000,0x0000000000,0x000000,0x000000000000,-,-, 5.0, -, None 
09/04/2025,10:45:32,09/04/2025,10:45:34,8674886293973,0x2cf9,GTFRI,0x00fe2fbf,802003,0x0902,0x0915,0,-,0000,-,01,00,21,00,-,00,000000,0000,0x0000,00000000,00000000,00000000000000,0724,0006,c4a7,07a71434,0x000000,0x0000000000,0x000000,0x000000000000,-,-, 5.0, -, None 
09/04/2025,10:45:37,09/04/2025,10:45:39,8674886293973,0x2cfa,GTFRI,0x00fe2fbf,802003,0x0902,0x0915,0,-,0000,-,01,00,21,00,-,00,000000,0000,0x0000,00000000,00000000,00000000000000,0724,0006,c4a7,07a71434,0x000000,0x0000000000,0x000000,0x000000000000,-,-, 5.0, -, None 
09/04/2025,10:45:42,09/04/2025,10:45:44,8674886293973,0x2cfb,GTFRI,0x00fe2fbf,802003,0x0902,0x0915,0,-,0000,-,01,00,22,00,-,00,000000,0000,0x0000,00000000,00000000,00000000000000,0724,0006,c4a7,07a71434,0x000000,0x0000000000,0x000000,0x000000000000,-,-, 5.0, -, None 
09/04/2025,10:45:47,09/04/2025,10:45:49,8674886293973,0x2cfc,GTFRI,0x00fe2fbf,802003,0x0902,0x0915,0,-,0000,-,01,00,22,00,-,00,000000,0000,0x0000,00000000,00000000,00000000000000,0724,0006,c4a7,07a71434,0x000000,0x0000000000,0x000000,0x000000000000,-,-, 5.0, -, None 
09/04/2025,10:45:52,09/04/2025,10:45:54,8674886293973,0x2cfd,GTFRI,0x00fe2fbf,802003,0x0902,0x0915,0,-,0000,-,01,00,22,00,-,00,000000,0000,0x0000,00000000,00000000,00000000000000,0724,0006,c4a7,07a71434,0x000000,0x0000000000,0x000000,0x000000000000,-,-, 5.0, -, None 
09/04/2025,10:45:57,09/04/2025,10:45:59,8674886293973,0x2cfe,GTFRI,0x00fe2fbf,802003,0x0902,0x0915,0,-,0000,-,01,00,22,00,-,00,000000,0000,0x0000,00000000,00000000,00000000000000,0724,0006,c4a7,07a71434,0x000000,0x0000000000,0x000000,0x000000000000,-,-, 5.0, -, None 
09/04/2025,10:46:00,,,,0x2cff,HBD
09/04/2025,10:46:02,09/04/2025,10:46:04,8674886293973,0x2d00,GTFRI,0x00fe2fbf,802003,0x0902,0x0915,0,-,0000,-,01,00,22,00,-,00,000000,0000,0x0000,00000000,00000000,00000000000000,0724,0006,c4a7,07a71434,0x000000,0x0000000000,0x000000,0x000000000000,-,-, 5.0, -, None 
09/04/2025,10:46:07,09/04/2025,10:46:09,8674886293973,0x2d01,GTFRI,0x00fe2fbf,802003,0x0902,0x0915,0,-,0000,-,01,00,22,00,-,00,000000,0000,0x0000,00000000,00000000,00000000000000,0724,0006,c4a7,07a71434,0x000000,0x0000000000,0x000000,0x000000000000,-,-, 5.0, -, None 
09/04/2025,10:46:12,09/04/2025,10:46:14,8674886293973,0x2d02,GTFRI,0x00fe2fbf,802003,0x0902,0x0915,0,-,0000,-,01,00,22,00,-,00,000000,0000,0x0000,00000000,00000000,00000000000000,0724,0006,c4a7,07a71434,0x000000,0x0000000000,0x000000,0x000000000000,-,-, 5.0, -, None 
09/04/2025,10:46:17,09/04/2025,10:46:19,8674886293973,0x2d03,GTFRI,0x00fe2fbf,802003,0x0902,0x0915,0,-,0000,-,01,00,22,00,-,00,000000,0000,0x0000,00000000,00000000,00000000000000,0724,0006,c4a7,07a71434,0x000000,0x0000000000,0x000000,0x000000000000,-,-, 5.0, -, None 
09/04/2025,10:46:22,09/04/2025,10:46:24,8674886293973,0x2d04,GTFRI,0x00fe2fbf,802003,0x0902,0x0915,0,-,0000,-,01,00,22,00,-,00,000000,0000,0x0000,00000000,00000000,00000000000000,0724,0006,c4a7,07a71434,0x000000,0x0000000000,0x000000,0x000000000000,-,-, 5.0, -, None 
09/04/2025,10:46:27,09/04/2025,10:46:29,8674886293973,0x2d05,GTFRI,0x00fe2fbf,802003,0x0902,0x0915,0,-,0000,-,01,00,22,00,-,00,000000,0000,0x0000,00000000,00000000,00000000000000,0724,0006,c4a7,07a71434,0x000000,0x0000000000,0x000000,0x000000000000,-,-, 5.0, -, None 
09/04/2025,10:46:32,09/04/2025,10:46:34,8674886293973,0x2d06,GTFRI,0x00fe2fbf,802003,0x0902,0x0915,0,-,0000,-,01,00,22,00,-,00,000000,0000,0x0000,00000000,00000000,00000000000000,0724,0006,c4a7,07a71434,0x000000,0x0000000000,0x000000,0x000000000000,-,-, 5.0, -, None 
09/04/2025,10:46:37,09/04/2025,10:46:39,8674886293973,0x2d07,GTFRI,0x00fe2fbf,802003,0x0902,0x0915,0,-,0000,-,01,00,22,00,-,00,000000,0000,0x0000,00000000,00000000,00000000000000,0724,0006,c4a7,07a71434,0x000000,0x0000000000,0x000000,0x000000000000,-,-, 5.0, -, None 
09/04/2025,10:46:42,09/04/2025,10:46:44,8674886293973,0x2d08,GTFRI,0x00fe2fbf,802003,0x0902,0x0915,0,-,0000,-,01,00,22,00,-,00,000000,0000,0x0000,00000000,00000000,00000000000000,0724,0006,c4a7,07a71434,0x000000,0x0000000000,0x000000,0x000000000000,-,-, 5.0, -, None 
09/04/2025,10:46:47,09/04/2025,10:46:49,8674886293973,0x2d09,GTFRI,0x00fe2fbf,802003,0x0902,0x0915,0,-,0000,-,01,00,22,00,-,00,000000,0000,0x0000,00000000,00000000,00000000000000,0724,0006,c4a7,07a71434,0x000000,0x0000000000,0x000000,0x000000000000,-,-, 5.0, -, None 
09/04/2025,10:46:52,09/04/2025,10:46:54,8674886293973,0x2d0a,GTFRI,0x00fe2fbf,802003,0x0902,0x0915,0,-,0000,-,01,00,21,00,-,00,000000,0000,0x0000,00000000,00000000,00000000000000,0724,0006,c4a7,07a71434,0x000000,0x0000000000,0x000000,0x000000000000,-,-, 5.0, -, None 
09/04/2025,10:46:57,09/04/2025,10:46:59,8674886293973,0x2d0b,GTFRI,0x00fe2fbf,802003,0x0902,0x0915,0,-,0000,-,01,00,21,00,-,00,000000,0000,0x0000,00000000,00000000,00000000000000,0724,0006,c4a7,07a71434,0x000000,0x0000000000,0x000000,0x000000000000,-,-, 5.0, -, None 
09/04/2025,10:47:02,09/04/2025,10:47:04,8674886293973,0x2d0c,GTFRI,0x00fe2fbf,802003,0x0902,0x0915,0,-,0000,-,01,00,21,00,-,00,000000,0000,0x0000,00000000,00000000,00000000000000,0724,0006,c4a7,07a71434,0x000000,0x0000000000,0x000000,0x000000000000,-,-, 5.0, -, None 
09/04/2025,10:47:07,09/04/2025,10:47:09,8674886293973,0x2d0d,GTFRI,0x00fe2fbf,802003,0x0902,0x0915,0,-,0000,-,01,00,21,00,-,00,000000,0000,0x0000,00000000,00000000,00000000000000,0724,0006,c4a7,07a71434,0x000000,0x0000000000,0x000000,0x000000000000,-,-, 5.0, -, None 
09/04/2025,10:47:12,09/04/2025,10:47:14,8674886293973,0x2d0e,GTFRI,0x00fe2fbf,802003,0x0902,0x0915,0,-,0000,-,01,00,21,00,-,00,000000,0000,0x0000,00000000,00000000,00000000000000,0724,0006,c4a7,07a71434,0x000000,0x0000000000,0x000000,0x000000000000,-,-, 5.0, -, None 
09/04/2025,10:47:17,09/04/2025,10:47:19,8674886293973,0x2d0f,GTFRI,0x00fe2fbf,802003,0x0902,0x0915,0,-,0000,-,01,00,21,00,-,00,000000,0000,0x0000,00000000,00000000,00000000000000,0724,0006,c4a7,07a71434,0x000000,0x0000000000,0x000000,0x000000000000,-,-, 5.0, -, None 
09/04/2025,10:47:22,09/04/2025,10:47:24,8674886293973,0x2d10,GTFRI,0x00fe2fbf,802003,0x0902,0x0915,0,-,0000,-,01,00,21,00,-,00,000000,0000,0x0000,00000000,00000000,00000000000000,0724,0006,c4a7,07a71434,0x000000,0x0000000000,0x000000,0x000000000000,-,-, 5.0, -, None 
09/04/2025,10:47:27,09/04/2025,10:47:29,8674886293973,0x2d11,GTFRI,0x00fe2fbf,802003,0x0902,0x0915,0,-,0000,-,01,00,21,00,-,00,000000,0000,0x0000,00000000,00000000,00000000000000,0724,0006,c4a7,07a71434,0x000000,0x0000000000,0x000000,0x000000000000,-,-, 5.0, -, None 
09/04/2025,10:47:32,09/04/2025,10:47:34,8674886293973,0x2d12,GTFRI,0x00fe2fbf,802003,0x0902,0x0915,0,-,0000,-,01,00,21,00,-,00,000000,0000,0x0000,00000000,00000000,00000000000000,0724,0006,c4a7,07a71434,0x000000,0x0000000000,0x000000,0x000000000000,-,-, 5.0, -, None 
09/04/2025,10:47:37,09/04/2025,10:47:39,8674886293973,0x2d13,GTFRI,0x00fe2fbf,802003,0x0902,0x0915,0,-,0000,-,01,00,22,00,-,00,000000,0000,0x0000,00000000,00000000,00000000000000,0724,0006,c4a7,07a71434,0x000000,0x0000000000,0x000000,0x000000000000,-,-, 5.0, -, None 
09/04/2025,10:47:42,09/04/2025,10:47:44,8674886293973,0x2d14,GTFRI,0x00fe2fbf,802003,0x0902,0x0915,0,-,0000,-,01,00,22,00,-,00,000000,0000,0x0000,00000000,00000000,00000000000000,0724,0006,c4a7,07a71434,0x000000,0x0000000000,0x000000,0x000000000000,-,-, 5.0, -, None 
09/04/2025,10:47:47,09/04/2025,10:47:49,8674886293973,0x2d15,GTFRI,0x00fe2fbf,802003,0x0902,0x0915,0,-,0000,-,01,00,22,00,-,00,000000,0000,0x0000,00000000,00000000,00000000000000,0724,0006,c4a7,07a71434,0x000000,0x0000000000,0x000000,0x000000000000,-,-, 5.0, -, None 
09/04/2025,10:47:52,09/04/2025,10:47:54,8674886293973,0x2d16,GTFRI,0x00fe2fbf,802003,0x0902,0x0915,0,-,0000,-,01,00,22,00,-,00,000000,0000,0x0000,00000000,00000000,00000000000000,0724,0006,c4a7,07a71434,0x000000,0x0000000000,0x000000,0x000000000000,-,-, 5.0, -, None 
09/04/2025,10:47:57,09/04/2025,10:47:59,8674886293973,0x2d17,GTFRI,0x00fe2fbf,802003,0x0902,0x0915,0,-,0000,-,01,00,22,00,-,00,000000,0000,0x0000,00000000,00000000,00000000000000,0724,0006,c4a7,07a71434,0x000000,0x0000000000,0x000000,0x000000000000,-,-, 5.0, -, None 
09/04/2025,10:48:00,,,,0x2d18,HBD
09/04/2025,10:48:02,09/04/2025,10:48:04,8674886293973,0x2d19,GTFRI,0x00fe2fbf,802003,0x0902,0x0915,0,-,0000,-,01,00,22,00,-,00,000000,0000,0x0000,00000000,00000000,00000000000000,0724,0006,c4a7,07a71434,0x000000,0x0000000000,0x000000,0x000000000000,-,-, 5.0, -, None 
09/04/2025,10:48:07,09/04/2025,10:48:09,8674886293973,0x2d1a,GTFRI,0x00fe2fbf,802003,0x0902,0x0915,0,-,0000,-,01,00,22,00,-,00,000000,0000,0x0000,00000000,00000000,00000000000000,0724,0006,c4a7,07a71434,0x000000,0x0000000000,0x000000,0x000000000000,-,-, 5.0, -, None 
09/04/2025,10:48:12,09/04/2025,10:48:14,8674886293973,0x2d1b,GTFRI,0x00fe2fbf,802003,0x0902,0x0915,0,-,0000,-,01,00,22,00,-,00,000000,0000,0x0000,00000000,00000000,00000000000000,0724,0006,c4a7,07a71434,0x000000,0x0000000000,0x000000,0x000000000000,-,-, 5.0, -, None 
09/04/2025,10:48:17,09/04/2025,10:48:19,8674886293973,0x2d1c,GTFRI,0x00fe2fbf,802003,0x0902,0x0915,0,-,0000,-,01,00,22,00,-,00,000000,0000,0x0000,00000000,00000000,00000000000000,0724,0006,c4a7,07a71434,0x000000,0x0000000000,0x000000,0x000000000000,-,-, 5.0, -, None 
09/04/2025,10:48:22,09/04/2025,10:48:24,8674886293973,0x2d1d,GTFRI,0x00fe2fbf,802003,0x0902,0x0915,0,-,0000,-,01,00,22,00,-,00,000000,0000,0x0000,00000000,00000000,00000000000000,0724,0006,c4a7,07a71434,0x000000,0x0000000000,0x000000,0x000000000000,-,-, 5.0, -, None 
09/04/2025,10:48:27,09/04/2025,10:48:29,8674886293973,0x2d1e,GTFRI,0x00fe2fbf,802003,0x0902,0x0915,0,-,0000,-,01,00,22,00,-,00,000000,0000,0x0000,00000000,00000000,00000000000000,0724,0006,c4a7,07a71434,0x000000,0x0000000000,0x000000,0x000000000000,-,-, 5.0, -, None 
09/04/2025,10:48:32,09/04/2025,10:48:34,8674886293973,0x2d1f,GTFRI,0x00fe2fbf,802003,0x0902,0x0915,0,-,0000,-,01,00,22,00,-,00,000000,0000,0x0000,00000000,00000000,00000000000000,0724,0006,c4a7,07a71434,0x000000,0x0000000000,0x000000,0x000000000000,-,-, 5.0, -, None 
09/04/2025,10:48:37,09/04/2025,10:48:39,8674886293973,0x2d20,GTFRI,0x00fe2fbf,802003,0x0902,0x0915,0,-,0000,-,01,00,22,00,-,00,000000,0000,0x0000,00000000,00000000,00000000000000,0724,0006,c4a7,07a71434,0x000000,0x0000000000,0x000000,0x000000000000,-,-, 5.0, -, None 
09/04/2025,10:48:42,09/04/2025,10:48:44,8674886293973,0x2d21,GTFRI,0x00fe2fbf,802003,0x0902,0x0915,0,-,0000,-,01,00,21,00,-,00,000000,0000,0x0000,00000000,00000000,00000000000000,0724,0006,c4a7,07a71434,0x000000,0x0000000000,0x000000,0x000000000000,-,-, 5.0, -, None 
09/04/2025,10:48:47,09/04/2025,10:48:49,8674886293973,0x2d22,GTFRI,0x00fe2fbf,802003,0x0902,0x0915,0,-,0000,-,01,00,21,00,-,00,000000,0000,0x0000,00000000,00000000,00000000000000,0724,0006,c4a7,07a71434,0x000000,0x0000000000,0x000000,0x000000000000,-,-, 5.0, -, None 
09/04/2025,10:48:52,09/04/2025,10:48:54,8674886293973,0x2d23,GTFRI,0x00fe2fbf,802003,0x0902,0x0915,0,-,0000,-,01,00,21,00,-,00,000000,0000,0x0000,00000000,00000000,00000000000000,0724,0006,c4a7,07a71434,0x000000,0x0000000000,0x000000,0x000000000000,-,-, 5.0, -, None 
09/04/2025,10:48:57,09/04/2025,10:48:59,8674886293973,0x2d24,GTFRI,0x00fe2fbf,802003,0x0902,0x0915,0,-,0000,-,01,00,21,00,-,00,000000,0000,0x0000,00000000,00000000,00000000000000,0724,0006,c4a7,07a71434,0x000000,0x0000000000,0x000000,0x000000000000,-,-, 5.0, -, None 
09/04/2025,10:49:02,09/04/2025,10:49:04,8674886293973,0x2d25,GTFRI,0x00fe2fbf,802003,0x0902,0x0915,0,-,0000,-,01,00,21,00,-,00,000000,0000,0x0000,00000000,00000000,00000000000000,0724,0006,c4a7,07a71434,0x000000,0x0000000000,0x000000,0x000000000000,-,-, 5.0, -, None 
09/04/2025,10:49:07,09/04/2025,10:49:09,8674886293973,0x2d26,GTFRI,0x00fe2fbf,802003,0x0902,0x0915,0,-,0000,-,01,00,21,00,-,00,000000,0000,0x0000,00000000,00000000,00000000000000,0724,0006,c4a7,07a71434,0x000000,0x0000000000,0x000000,0x000000000000,-,-, 5.0, -, None 
09/04/2025,10:49:12,09/04/2025,10:49:14,8674886293973,0x2d27,GTFRI,0x00fe2fbf,802003,0x0902,0x0915,0,-,0000,-,01,00,21,00,-,00,000000,0000,0x0000,00000000,00000000,00000000000000,0724,0006,c4a7,07a71434,0x000000,0x0000000000,0x000000,0x000000000000,-,-, 5.0, -, None 
09/04/2025,10:49:17,09/04/2025,10:49:19,8674886293973,0x2d28,GTFRI,0x00fe2fbf,802003,0x0902,0x0915,0,-,0000,-,01,00,22,00,-,00,000000,0000,0x0000,00000000,00000000,00000000000000,0724,0006,c4a7,07a71434,0x000000,0x0000000000,0x000000,0x000000000000,-,-, 5.0, -, None 
09/04/2025,10:49:22,09/04/2025,10:49:24,8674886293973,0x2d29,GTFRI,0x00fe2fbf,802003,0x0902,0x0915,0,-,0000,-,01,00,22,00,-,00,000000,0000,0x0000,00000000,00000000,00000000000000,0724,0006,c4a7,07a71434,0x000000,0x0000000000,0x000000,0x000000000000,-,-, 5.0, -, None 
09/04/2025,10:49:27,09/04/2025,10:49:29,8674886293973,0x2d2a,GTFRI,0x00fe2fbf,802003,0x0902,0x0915,0,-,0000,-,01,00,22,00,-,00,000000,0000,0x0000,00000000,00000000,00000000000000,0724,0006,c4a7,07a71434,0x000000,0x0000000000,0x000000,0x000000000000,-,-, 5.0, -, None 
09/04/2025,10:49:32,09/04/2025,10:49:34,8674886293973,0x2d2b,GTFRI,0x00fe2fbf,802003,0x0902,0x0915,0,-,0000,-,01,00,22,00,-,00,000000,0000,0x0000,00000000,00000000,00000000000000,0724,0006,c4a7,07a71434,0x000000,0x0000000000,0x000000,0x000000000000,-,-, 5.0, -, None 
09/04/2025,10:49:37,09/04/2025,10:49:39,8674886293973,0x2d2c,GTFRI,0x00fe2fbf,802003,0x0902,0x0915,0,-,0000,-,01,00,22,00,-,00,000000,0000,0x0000,00000000,00000000,00000000000000,0724,0006,c4a7,07a71434,0x000000,0x0000000000,0x000000,0x000000000000,-,-, 5.0, -, None 
09/04/2025,10:49:42,09/04/2025,10:49:44,8674886293973,0x2d2d,GTFRI,0x00fe2fbf,802003,0x0902,0x0915,0,-,0000,-,01,00,22,00,-,00,000000,0000,0x0000,00000000,00000000,00000000000000,0724,0006,c4a7,07a71434,0x000000,0x0000000000,0x000000,0x000000000000,-,-, 5.0, -, None 
09/04/2025,10:49:47,09/04/2025,10:49:49,8674886293973,0x2d2e,GTFRI,0x00fe2fbf,802003,0x0902,0x0915,0,-,0000,-,01,00,22,00,-,00,000000,0000,0x0000,00000000,00000000,00000000000000,0724,0006,c4a7,07a71434,0x000000,0x0000000000,0x000000,0x000000000000,-,-, 5.0, -, None 
09/04/2025,10:49:52,09/04/2025,10:49:54,8674886293973,0x2d2f,GTFRI,0x00fe2fbf,802003,0x0902,0x0915,0,-,0000,-,01,00,22,00,-,00,000000,0000,0x0000,00000000,00000000,00000000000000,0724,0006,c4a7,07a71434,0x000000,0x0000000000,0x000000,0x000000000000,-,-, 5.0, -, None 
09/04/2025,10:49:57,09/04/2025,10:49:59,8674886293973,0x2d30,GTFRI,0x00fe2fbf,802003,0x0902,0x0915,0,-,0000,-,01,00,22,00,-,00,000000,0000,0x0000,00000000,00000000,00000000000000,0724,0006,c4a7,07a71434,0x000000,0x0000000000,0x000000,0x000000000000,-,-, 5.0, -, None 
09/04/2025,10:50:00,,,,0x2d31,HBD
09/04/2025,10:50:02,09/04/2025,10:50:04,8674886293973,0x2d32,GTFRI,0x00fe2fbf,802003,0x0902,0x0915,0,-,0000,-,01,00,22,00,-,00,000000,0000,0x0000,00000000,00000000,00000000000000,0724,0006,c4a7,07a71434,0x000000,0x0000000000,0x000000,0x000000000000,-,-, 5.0, -, None 
09/04/2025,10:50:07,09/04/2025,10:50:09,8674886293973,0x2d33,GTFRI,0x00fe2fbf,802003,0x0902,0x0915,0,-,0000,-,01,00,22,00,-,00,000000,0000,0x0000,00000000,00000000,00000000000000,0724,0006,c4a7,07a71434,0x000000,0x0000000000,0x000000,0x000000000000,-,-, 5.0, -, None 
09/04/2025,10:50:12,09/04/2025,10:50:14,8674886293973,0x2d34,GTFRI,0x00fe2fbf,802003,0x0902,0x0915,0,-,0000,-,01,00,22,00,-,00,000000,0000,0x0000,00000000,00000000,00000000000000,0724,0006,c4a7,07a71434,0x000000,0x0000000000,0x000000,0x000000000000,-,-, 5.0, -, None 
09/04/2025,10:50:17,09/04/2025,10:50:19,8674886293973,0x2d35,GTFRI,0x00fe2fbf,802003,0x0902,0x0915,0,-,0000,-,01,00,22,00,-,00,000000,0000,0x0000,00000000,00000000,00000000000000,0724,0006,c4a7,07a71434,0x000000,0x0000000000,0x000000,0x000000000000,-,-, 5.0, -, None 
09/04/2025,10:50:20,& "C:/Users/Larissa Rocha/AppData/Local/Programs/Python/Python313/python.exe" "c:/Users/Larissa Rocha/Documents/GitHub/Decoder/decoder/parser_mensagem.py"
09/04/2025,10:50:22,09/04/2025,10:50:24,8674886293973,0x2d36,GTFRI,0x00fe2fbf,802003,0x0902,0x0915,0,-,0000,-,01,00,21,00,-,00,000000,0000,0x0000,00000000,00000000,00000000000000,0724,0006,c4a7,07a71434,0x000000,0x0000000000,0x000000,0x000000000000,-,-, 5.0, -, None 
