Data/Hora Inclusão,Data/Hora Evento,GNSS UTC Time,IMEI,Sequência,Tipo Mensagem,Máscara,Tipo Dispositivo,Versão Protocolo,Versão Firmware,Bateria Interna,Alimentação Externa,Analog Input Mode,Analog Input1 Voltage,Digital Input Status,Digital Output Status,Motion Status,Satélites,Duração da Ignição,Precisão GNSS,Velocidade,Azimuth,Altitude,Latitude,Longitude,MCC,MNC,LAC,Cell ID,Hodômetro Atual,Hodômetro Total,Horímetro Atual,Horímetro Total,Motivo Power Off,Motivo Power On,ID,ID Report Type,Comando Customizado,,,,,,,,
2025-04-08 17:57:45,2025-04-08 20:57:36,2025-04-08 20:57:36,86748861317839,2807,GTSPD,0x09fe7fbf,802003,0x0902,0x0915,100,13231,0,0,1,1,22,12,-,1,109,46,572,-23.280935,-51.149888,724,6,c4a7,07a5ccf1,0,0.0,6431,922625,-,-,0,-,,,,,,,,,
2025-04-08 17:57:48,AT+GTCFG=gv58cg,,,,,,,,,,,,,,,,,,,,,0,FFFF$AT+GTCFG=gv58cg,,,,,,,,,,,,,,,,,,,,,0,FFFF$
2025-04-08 17:58:05,2025-04-08 20:58:05,2025-04-08 20:58:04,86748861317839,2810,GTHBM,0x09fe7fbf,802003,0x0902,0x0915,100,13306,0,0,1,1,22,10,-,1,105,1,570,-23.280785,-51.149408,724,6,c4a7,07a5ccf1,0,0.0,6657,922655,-,-,0,-,,,,,,,,,
2025-04-08 17:58:33,2025-04-08 20:58:33,2025-04-08 20:58:33,86748861317839,2811,GTSPD,0x09fe7fbf,802003,0x0902,0x0915,100,13342,0,0,1,0,22,11,-,1,3201,0,556,-23.27886,-51.149269,724,6,c4a7,07a57dd5,0,0.0,6684,922682,-,-,0,-,,,,,,,,,
2025-04-08 17:58:33,2025-04-08 20:58:33,2025-04-08 20:58:33,86748861317839,2812,GTDOS,0x09fe7fbf,802003,0x0902,0x0915,100,13342,0,0,1,1,22,11,-,1,3201,0,556,-23.27886,-51.149269,724,6,c4a7,07a57dd5,0,0,6684,922682,-,-,0,-,,,,,,,,,
2025-04-08 17:59:09,2025-04-08 20:59:09,2025-04-08 20:59:09,86748861317839,2813,GTSPD,0x09fe7fbf,802003,0x0902,0x0915,100,13203,0,0,1,1,22,12,-,1,0,1,527,-23.275568,-51.149246,724,6,c4a7,07a57dd5,0,0.0,6916,922914,-,-,0,-,,,,,,,,,
2025-04-08 17:59:48,2025-04-08 20:59:48,2025-04-08 20:59:48,86748861317839,2815,GTSPD,0x09fe7fbf,802003,0x0902,0x0915,100,13342,0,0,1,1,22,12,-,1,003b08,0,518,-23.273783,-51.149247,724,6,c4a7,07a57dd5,0,0.0,6955,923149,-,-,0,-,,,,,,,,,
2025-04-08 18:00:41,2025-04-08 21:00:41,2025-04-08 21:00:41,86748861317839,2816,GTSPD,0x09fe7fbf,802003,0x0902,0x0915,100,13415,0,0,1,1,22,12,-,1,2404,005a,526,-23.268755,-51.146028,724,6,c4a7,07a72902,0,0.0,7205,923399,-,-,0,-,,,,,,,,,
2025-04-08 18:02:48,2025-04-08 21:02:48,2025-04-08 21:02:48,86748861317839,2818,GTSPD,0x09fe7fbf,802003,0x0902,0x0915,100,13295,0,0,1,1,22,12,-,1,2802,005a,543,-23.265401,-51.138927,724,6,c3df,07a73915,0,0.0,7723,923917,-,-,0,-,,,,,,,,,
2025-04-08 18:02:59,2025-04-08 21:02:59,2025-04-08 21:02:59,86748861317839,2819,GTSPD,0x09fe7fbf,802003,0x0902,0x0915,100,13311,0,0,1,1,22,12,-,1,306,60,548,-23.2654,-51.138289,724,6,c4a7,07a57d16,0,0.0,7735,923929,-,-,0,-,,,,,,,,,
2025-04-08 18:03:51,2025-04-08 21:03:51,2025-04-08 21:03:50,86748861317839,2820,GTIGF,0x09fe7fbf,802003,0x0902,0x0915,100,13053,0,0,0,1,12,12,1909,1,0,0,549,-23.2654,-51.137938,724,6,c3df,07a73915,0,0,7982,924176,-,-,01a2cb5224000088,-,,,,,,,,,
2025-04-08 18:03:51,2025-04-08 21:03:51,2025-04-08 21:03:50,86748861317839,2821,GTSTT,0x09fe7fbf,802003,0x0902,0x0915,100,13053,0,0,0,1,12,12,-,1,0,0,549,-23.2654,-51.137938,724,6,c3df,07a73915,0,0,7982,924176,-,-,0,-,,,,,,,,,
2025-04-08 18:03:52,2025-04-08 21:03:51,2025-04-08 21:03:51,86748861317839,2822,GTDOS,0x09fe7fbf,802003,0x0902,0x0915,100,13053,0,0,0,0,12,12,-,1,0,0,549,-23.2654,-51.137938,724,6,c3df,07a73915,0,0,7982,924176,-,-,0,-,,,,,,,,,
2025-04-08 18:03:52,2025-04-08 21:03:52,2025-04-08 21:03:52,86748861317839,2823,GTIGL,0x09fe7fbf,802003,0x0902,0x0915,100,13053,0,0,0,0,12,12,-,1,0,0,549,-23.2654,-51.137938,724,6,c3df,07a73915,0,0.0,7982,924176,-,-,0,-,,,,,,,,,
2025-04-08 18:03:53,2025-04-08 21:03:52,2025-04-08 21:03:52,86748861317839,2824,GTDOS,0x09fe7fbf,802003,0x0902,0x0915,100,12984,0,0,0,1,12,12,-,0,0,0,549,-23.2654,-51.137938,724,6,c3df,07a73915,0,0,7982,924176,-,-,0,-,,,,,,,,,
2025-04-08 18:03:53,2025-04-08 21:03:53,2025-04-08 21:03:53,86748861317839,2825,GTDOS,0x09fe7fbf,802003,0x0902,0x0915,100,12984,0,0,0,0,12,12,-,1,0,0,549,-23.2654,-51.137938,724,6,c3df,07a73915,0,0,7982,924176,-,-,0,-,,,,,,,,,
2025-04-08 18:05:36,2025-04-08 21:05:36,2025-04-08 21:05:35,86748861317839,2827,GTSTT,0x09fe7fbf,802003,0x0902,0x0915,100,12776,0,0,0,0,11,12,-,1,0,0,549,-23.2654,-51.137938,724,6,c3df,07a73915,0,0,7982,924176,-,-,0,-,,,,,,,,,
2025-04-08 18:07:23,2025-04-08 21:07:23,2025-04-08 21:07:23,86748861317839,2828,GTIGN,0x09fe7fbf,802003,0x0902,0x0915,100,12057,0,0,1,0,21,12,212,1,0,0,549,-23.2654,-51.137938,724,6,c3df,07a73915,0,0,0,924176,-,-,01a2cb5224000088,-,,,,,,,,,
2025-04-08 18:07:24,2025-04-08 21:07:23,2025-04-08 21:07:23,86748861317839,2829,GTSTT,0x09fe7fbf,802003,0x0902,0x0915,100,12057,0,0,1,0,21,12,-,1,0,0,549,-23.2654,-51.137938,724,6,c3df,07a73915,0,0,0,924176,-,-,0,-,,,,,,,,,
2025-04-08 18:07:24,2025-04-08 21:07:24,2025-04-08 21:07:24,86748861317839,2830,GTIGL,0x09fe7fbf,802003,0x0902,0x0915,100,12057,0,0,1,0,21,12,-,1,0,0,549,-23.2654,-51.137938,724,6,c3df,07a73915,0,0.0,0,924176,-,-,0,-,,,,,,,,,
2025-04-08 18:07:45,2025-04-08 21:07:45,2025-04-08 21:07:45,86748861317839,2832,GTSTT,0x09fe7fbf,802003,0x0902,0x0915,100,13452,0,0,1,0,22,12,-,1,000d04,012c,548,-23.265486,-51.137831,724,6,c3df,07a73915,0,0,21,924197,-,-,0,-,,,,,,,,,
2025-04-08 18:11:23,2025-04-08 21:11:23,2025-04-08 21:11:23,86748861317839,2834,GTDOS,0x09fe7fbf,802003,0x0902,0x0915,100,13334,0,0,1,1,22,12,-,1,0,0,516,-23.269393,-51.148089,724,6,c4a7,07a72902,0,0,1024,925200,-,-,0,-,,,,,,,,,
2025-04-08 18:11:23,2025-04-08 21:11:23,2025-04-08 21:11:23,86748861317839,2835,GTDAT,0x09fe7fbf,802003,0x0902,0x0915,100,13334,0,0,1,1,22,12,-,1,0,0,516,-23.269393,-51.148089,724,6,c4a7,07a72902,0,0,1024,925200,-,-,0,-,Timeout ID,,,,,,,,
2025-04-08 18:12:38,2025-04-08 21:12:38,2025-04-08 21:12:38,86748861317839,2836,GTSPD,0x09fe7fbf,802003,0x0902,0x0915,100,13274,0,0,1,1,22,12,-,1,3107,011f,524,-23.269256,-51.150488,724,6,c3df,07a73915,0,0.0,1295,925471,-,-,0,-,,,,,,,,,
2025-04-08 18:14:19,2025-04-08 21:14:19,2025-04-08 21:14:19,86748861317839,2838,GTSPD,0x09fe7fbf,802003,0x0902,0x0915,100,13190,0,0,1,1,22,12,-,1,1,013c,585,-23.259394,-51.157327,724,6,c4a7,07a5bc16,0,0.0,1590,925962,-,-,0,-,,,,,,,,,
2025-04-08 18:15:58,2025-04-08 21:15:58,2025-04-08 21:15:58,86748861317839,2839,GTSPD,0x09fe7fbf,802003,0x0902,0x0915,100,13333,0,0,1,1,22,12,-,1,002b03,128,584,-23.258452,-51.161114,724,6,c4a7,07a5bc01,0,0.0,2081,926257,-,-,0,-,,,,,,,,,
2025-04-08 18:16:11,2025-04-08 21:16:11,2025-04-08 21:16:11,86748861317839,2840,GTSPD,0x09fe7fbf,802003,0x0902,0x0915,100,13221,0,0,1,1,22,12,-,1,1205,108,583,-23.258279,-51.162127,724,6,c4a7,07a5bc01,0,0.0,2096,926468,-,-,0,-,,,,,,,,,
2025-04-08 18:16:29,2025-04-08 21:16:29,2025-04-08 21:16:29,86748861317839,2841,GTSPD,0x09fe7fbf,802003,0x0902,0x0915,100,13237,0,0,1,1,22,12,-,1,3000,0,578,-23.259251,-51.163758,724,6,c4a7,07a5bc01,0,0.0,2310,926486,-,-,0,-,,,,,,,,,
2025-04-08 18:16:47,2025-04-08 21:16:47,2025-04-08 21:16:47,86748861317839,2843,GTSPD,0x09fe7fbf,802003,0x0902,0x0915,100,13390,0,0,1,1,22,12,-,1,001c03,0,579,-23.260323,-51.164969,724,6,c4a7,07a5bc01,0,0.0,2328,926504,-,-,0,-,,,,,,,,,
2025-04-08 18:18:30,2025-04-08 21:18:30,2025-04-08 21:18:30,86748861317839,2844,GTSPD,0x09fe7fbf,802003,0x0902,0x0915,100,13298,0,0,1,1,22,12,-,1,3000,00b3,573,-23.264657,-51.167054,724,6,c4a7,07a5bcd5,0,0.0,2822,926998,-,-,0,-,,,,,,,,,
2025-04-08 18:18:59,2025-04-08 21:18:59,2025-04-08 21:18:59,86748861317839,2845,GTSPD,0x09fe7fbf,802003,0x0902,0x0915,100,13388,0,0,1,1,22,12,-,1,2400,010d,583,-23.267407,-51.167647,724,6,c4a7,07a5bcf2,0,0.0,2849,927025,-,-,0,-,,,,,,,,,
2025-04-08 18:19:12,2025-04-08 21:19:12,2025-04-08 21:19:12,86748861317839,2846,GTSPD,0x09fe7fbf,802003,0x0902,0x0915,100,13411,0,0,1,1,22,12,-,1,002c03,010d,585,-23.26744,-51.169131,724,6,c4a7,07a5bcf2,0,0.0,2864,927236,-,-,0,-,,,,,,,,,
2025-04-08 18:20:02,2025-04-08 21:19:42,2025-04-08 21:19:42,86748861317839,2848,GTSPD,0x09fe7fbf,802003,0x0902,0x0915,100,13233,0,0,1,1,22,12,-,1,000a02,010d,587,-23.267475,-51.172151,724,6,c4a7,07a5bcd5,0,0.0,3090,927266,-,-,0,-,,,,,,,,,
2025-04-08 18:20:07,2025-04-08 21:20:06,2025-04-08 21:20:06,86748861317839,2849,GTIGF,0x09fe7fbf,802003,0x0902,0x0915,100,13151,0,0,0,1,12,12,763,1,0,010e,588,-23.267713,-51.172363,724,6,c4a7,07a5bcd5,0,0,3114,927290,-,-,01a2cb5224000088,-,,,,,,,,,
2025-04-08 18:20:07,2025-04-08 21:20:06,2025-04-08 21:20:06,86748861317839,2850,GTSTT,0x09fe7fbf,802003,0x0902,0x0915,100,13151,0,0,0,1,12,12,-,1,0,010e,588,-23.267713,-51.172363,724,6,c4a7,07a5bcd5,0,0,3114,927290,-,-,0,-,,,,,,,,,
2025-04-08 18:20:07,2025-04-08 21:20:07,2025-04-08 21:20:07,86748861317839,2851,GTIGL,0x09fe7fbf,802003,0x0902,0x0915,100,13151,0,0,0,1,12,12,-,1,0,010e,588,-23.267713,-51.172363,724,6,c4a7,07a5bcd5,0,0.0,3114,927290,-,-,0,-,,,,,,,,,
2025-04-08 18:20:08,2025-04-08 21:20:07,2025-04-08 21:20:07,86748861317839,2852,GTDOS,0x09fe7fbf,802003,0x0902,0x0915,100,13151,0,0,0,0,12,12,-,0,0,010e,588,-23.267713,-51.172363,724,6,c4a7,07a5bcd5,0,0,3114,927290,-,-,0,-,,,,,,,,,
2025-04-08 18:20:09,2025-04-08 21:20:09,2025-04-08 21:20:09,86748861317839,2853,GTDOS,0x09fe7fbf,802003,0x0902,0x0915,100,13151,0,0,0,1,12,12,-,1,0,010e,588,-23.267713,-51.172363,724,6,c4a7,07a5bcd5,0,0,3114,927290,-,-,0,-,,,,,,,,,
2025-04-08 18:20:10,2025-04-08 21:20:10,2025-04-08 21:20:10,86748861317839,2854,GTDOS,0x09fe7fbf,802003,0x0902,0x0915,100,13151,0,0,0,0,12,12,-,1,0,010e,588,-23.267713,-51.172363,724,6,c4a7,07a5bcd5,0,0,3114,927290,-,-,0,-,,,,,,,,,
2025-04-08 18:21:06,2025-04-08 21:21:06,2025-04-08 21:21:05,86748861317839,2856,GTSTT,0x09fe7fbf,802003,0x0902,0x0915,100,13050,0,0,0,0,11,12,-,1,0,010e,588,-23.267713,-51.172363,724,6,c4a7,07b2dc0c,0,0,3114,927290,-,-,0,-,,,,,,,,,
2025-04-08 18:26:54,2025-04-08 21:26:54,2025-04-08 21:25:06,86748861317839,2857,GTIGN,0x09fe7fbf,802003,0x0902,0x0915,100,12882,0,0,1,0,21,12,408,0,0,010e,588,-23.267713,-51.172363,724,6,c4a7,07b2dc0c,0,0,0,927290,-,-,01a2cb5224000088,-,,,,,,,,,
2025-04-08 18:26:55,2025-04-08 21:26:54,2025-04-08 21:25:06,86748861317839,2858,GTSTT,0x09fe7fbf,802003,0x0902,0x0915,100,12882,0,0,1,0,21,12,-,0,0,010e,588,-23.267713,-51.172363,724,6,c4a7,07b2dc0c,0,0,0,927290,-,-,0,-,,,,,,,,,
2025-04-08 18:27:04,2025-04-08 21:27:04,2025-04-08 21:27:04,86748861317839,2860,GTIGL,0x09fe7fbf,802003,0x0902,0x0915,100,12660,0,0,1,0,21,12,-,1,0,010e,658,-23.267676,-51.172325,724,6,c4a7,07b2dc0c,0,0.0,9,927495,-,-,0,-,,,,,,,,,
2025-04-08 18:27:27,2025-04-08 21:27:26,2025-04-08 21:27:26,86748861317839,2861,GTSTT,0x09fe7fbf,802003,0x0902,0x0915,100,13598,0,0,1,0,22,12,-,1,0,00ad,624,-23.268061,-51.172343,724,6,c4a7,07b2dc0c,0,0,30,927516,-,-,0,-,,,,,,,,,
2025-04-08 18:29:41,2025-04-08 21:29:40,2025-04-08 21:29:40,86748861317839,2862,GTIGF,0x09fe7fbf,802003,0x0902,0x0915,100,13233,0,0,0,0,12,12,166,1,0,010e,563,-23.270418,-51.167801,724,6,c4a7,07a5cc0d,0,0,557,928043,-,-,01a2cb5224000088,-,,,,,,,,,
2025-04-08 18:29:41,2025-04-08 21:29:40,2025-04-08 21:29:40,86748861317839,2863,GTSTT,0x09fe7fbf,802003,0x0902,0x0915,100,13233,0,0,0,0,12,12,-,1,0,010e,563,-23.270418,-51.167801,724,6,c4a7,07a5cc0d,0,0,557,928043,-,-,0,-,,,,,,,,,
2025-04-08 18:29:41,2025-04-08 21:29:41,2025-04-08 21:29:41,86748861317839,2864,GTIGL,0x09fe7fbf,802003,0x0902,0x0915,100,13233,0,0,0,0,12,12,-,1,0,010e,563,-23.270418,-51.167801,724,6,c4a7,07a5cc0d,0,0.0,557,928043,-,-,0,-,,,,,,,,,
2025-04-08 18:29:44,2025-04-08 21:29:44,2025-04-08 21:29:44,86748861317839,2865,GTDOS,0x09fe7fbf,802003,0x0902,0x0915,100,13156,0,0,0,1,12,12,-,1,0,010e,563,-23.270418,-51.167801,724,6,c4a7,07a5cc0d,0,0,557,928043,-,-,0,-,,,,,,,,,
2025-04-08 18:29:45,2025-04-08 21:29:45,2025-04-08 21:29:45,86748861317839,2867,GTDOS,0x09fe7fbf,802003,0x0902,0x0915,100,13156,0,0,0,1,12,12,-,0,0,010e,563,-23.270418,-51.167801,724,6,c4a7,07a5cc0d,0,0,557,928043,-,-,0,-,,,,,,,,,
2025-04-08 18:31:15,2025-04-08 21:31:15,2025-04-08 21:31:15,86748861317839,2868,GTSTT,0x09fe7fbf,802003,0x0902,0x0915,100,13017,0,0,0,0,11,12,-,1,0,010e,563,-23.270418,-51.167801,724,6,c4a7,07a5cc0d,0,0,557,928043,-,-,0,-,,,,,,,,,
2025-04-09 07:05:51,2025-04-09 10:05:50,2025-04-09 09:27:19,86748861317839,2894,GTIGN,0x09fe7fbf,802003,0x0902,0x0915,100,12689,0,0,1,0,21,7,45370,0,0,010e,563,-23.270418,-51.167801,724,6,c4a7,07a5cc35,0,0,0,928043,-,-,01a2cb5224000088,-,,,,,,,,,
2025-04-09 07:05:51,2025-04-09 10:05:50,2025-04-09 09:27:19,86748861317839,2895,GTSTT,0x09fe7fbf,802003,0x0902,0x0915,100,12689,0,0,1,0,21,7,-,0,0,010e,563,-23.270418,-51.167801,724,6,c4a7,07a5cc35,0,0,0,928043,-,-,0,-,,,,,,,,,
2025-04-09 07:05:54,2025-04-09 10:05:54,2025-04-09 09:27:19,86748861317839,2896,GTIGF,0x09fe7fbf,802003,0x0902,0x0915,100,12519,0,0,1,0,11,7,4,0,0,010e,563,-23.270418,-51.167801,724,6,c4a7,07a5cc35,0,0,3,928046,-,-,01a2cb5224000088,-,,,,,,,,,
2025-04-09 07:05:54,2025-04-09 10:05:54,2025-04-09 09:27:19,86748861317839,2897,GTSTT,0x09fe7fbf,802003,0x0902,0x0915,100,12519,0,0,1,0,11,7,-,0,0,010e,563,-23.270418,-51.167801,724,6,c4a7,07a5cc35,0,0,3,928046,-,-,0,-,,,,,,,,,
2025-04-09 07:05:56,2025-04-09 10:05:56,2025-04-09 09:27:19,86748861317839,2898,GTIGN,0x09fe7fbf,802003,0x0902,0x0915,100,12519,0,0,1,0,21,7,2,0,0,010e,563,-23.270418,-51.167801,724,6,c4a7,07a5cc35,0,0,0,928046,-,-,01a2cb5224000088,-,,,,,,,,,
2025-04-09 07:05:56,2025-04-09 10:05:56,2025-04-09 09:27:19,86748861317839,2899,GTSTT,0x09fe7fbf,802003,0x0902,0x0915,100,12519,0,0,1,0,21,7,-,0,0,010e,563,-23.270418,-51.167801,724,6,c4a7,07a5cc35,0,0,0,928046,-,-,0,-,,,,,,,,,
2025-04-09 07:05:58,2025-04-09 10:05:57,2025-04-09 09:27:19,86748861317839,2900,GTSTT,0x09fe7fbf,802003,0x0902,0x0915,100,12052,0,0,1,0,22,7,-,0,0,010e,563,-23.270418,-51.167801,724,6,c4a7,07a5cc35,0,0,0,928046,-,-,0,-,,,,,,,,,
2025-04-09 07:06:09,2025-04-09 10:06:09,2025-04-09 10:06:09,86748861317839,2902,GTIGL,0x09fe7fbf,802003,0x0902,0x0915,100,14266,0,0,1,0,22,8,-,1,0,010e,607,-23.270431,-51.16817,724,6,c4a7,07a5cc35,0,0.0,12,928058,-,-,0,-,,,,,,,,,
2025-04-09 07:06:10,2025-04-09 10:06:09,2025-04-09 10:06:09,86748861317839,2903,GTIGL,0x09fe7fbf,802003,0x0902,0x0915,100,14266,0,0,1,0,22,8,-,1,0,010e,607,-23.270431,-51.16817,724,6,c4a7,07a5cc35,0,0.0,12,928058,-,-,0,-,,,,,,,,,
2025-04-09 07:06:10,2025-04-09 10:06:09,2025-04-09 10:06:09,86748861317839,2904,GTIGL,0x09fe7fbf,802003,0x0902,0x0915,100,14266,0,0,1,0,22,8,-,1,0,010e,607,-23.270431,-51.16817,724,6,c4a7,07a5cc35,0,0.0,12,928058,-,-,0,-,,,,,,,,,
2025-04-09 07:09:26,2025-04-09 10:09:26,2025-04-09 10:09:26,86748861317839,2906,GTIGF,0x09fe7fbf,802003,0x0902,0x0915,100,14210,0,0,0,0,12,10,210,1,0,150,600,-23.267742,-51.172458,724,6,c4a7,07b2dc0c,0,0,798,929040,-,-,01a2cb5224000088,-,,,,,,,,,
2025-04-09 07:09:27,2025-04-09 10:09:26,2025-04-09 10:09:26,86748861317839,2907,GTSTT,0x09fe7fbf,802003,0x0902,0x0915,100,14210,0,0,0,0,12,10,-,1,0,150,600,-23.267742,-51.172458,724,6,c4a7,07b2dc0c,0,0,798,929040,-,-,0,-,,,,,,,,,
2025-04-09 07:09:27,2025-04-09 10:09:27,2025-04-09 10:09:27,86748861317839,2908,GTIGL,0x09fe7fbf,802003,0x0902,0x0915,100,14210,0,0,0,0,12,10,-,1,0,150,600,-23.267742,-51.172458,724,6,c4a7,07b2dc0c,0,0.0,798,929040,-,-,0,-,,,,,,,,,
2025-04-09 07:09:30,2025-04-09 10:09:29,2025-04-09 10:09:29,86748861317839,2909,GTDOS,0x09fe7fbf,802003,0x0902,0x0915,100,13647,0,0,0,1,12,10,-,1,0,150,600,-23.267742,-51.172458,724,6,c4a7,07b2dc0c,0,0,798,929040,-,-,0,-,,,,,,,,,
2025-04-09 07:09:30,2025-04-09 10:09:30,2025-04-09 10:09:30,86748861317839,2910,GTDOS,0x09fe7fbf,802003,0x0902,0x0915,100,13647,0,0,0,0,12,10,-,1,0,150,600,-23.267742,-51.172458,724,6,c4a7,07b2dc0c,0,0,798,929040,-,-,0,-,,,,,,,,,
2025-04-09 07:10:54,2025-04-09 10:10:54,2025-04-09 10:10:54,86748861317839,2912,GTSTT,0x09fe7fbf,802003,0x0902,0x0915,100,13077,0,0,0,0,11,10,-,1,0,150,600,-23.267742,-51.172458,724,6,c4a7,07b2dc0c,0,0,798,929040,-,-,0,-,,,,,,,,,
2025-04-09 07:11:03,2025-04-09 10:11:03,2025-04-09 10:11:03,86748861317839,2913,GTIGN,0x09fe7fbf,802003,0x0902,0x0915,100,12904,0,0,1,0,21,10,97,1,0,150,600,-23.267742,-51.172458,724,6,c4a7,07b2dc0c,0,0,0,929040,-,-,01a2cb5224000088,-,,,,,,,,,
2025-04-09 07:11:03,2025-04-09 10:11:03,2025-04-09 10:11:03,86748861317839,2914,GTSTT,0x09fe7fbf,802003,0x0902,0x0915,100,12904,0,0,1,0,21,10,-,1,0,150,600,-23.267742,-51.172458,724,6,c4a7,07b2dc0c,0,0,0,929040,-,-,0,-,,,,,,,,,
2025-04-09 07:11:04,2025-04-09 10:11:04,2025-04-09 10:11:04,86748861317839,2915,GTIGL,0x09fe7fbf,802003,0x0902,0x0915,100,12904,0,0,0,0,21,10,-,1,0,150,600,-23.267742,-51.172458,724,6,c4a7,07b2dc0c,0,0.0,0,929040,-,-,0,-,,,,,,,,,
2025-04-09 07:11:20,2025-04-09 10:11:20,2025-04-09 10:11:20,86748861317839,2917,GTSTT,0x09fe7fbf,802003,0x0902,0x0915,100,14402,0,0,1,0,22,10,-,1,000d09,1,599,-23.267542,-51.172463,724,6,c4a7,07b2dc0c,0,0,15,929055,-,-,0,-,,,,,,,,,
2025-04-09 07:13:11,2025-04-09 10:13:10,2025-04-09 10:13:11,86748861317839,2918,GTSPD,0x09fe7fbf,802003,0x0902,0x0915,100,14356,0,0,1,0,22,10,-,1,2802,005a,597,-23.26279,-51.167971,724,6,c4a7,07a5bc0d,0,0.0,518,929558,-,-,0,-,,,,,,,,,
2025-04-09 07:13:22,2025-04-09 10:13:21,2025-04-09 10:13:22,86748861317839,2919,GTSPD,0x09fe7fbf,802003,0x0902,0x0915,100,14370,0,0,1,1,22,10,-,1,2505,005a,597,-23.262792,-51.167074,724,6,c4a7,07a5bc0d,0,0.0,530,929570,-,-,0,-,,,,,,,,,
2025-04-09 07:13:34,2025-04-09 10:13:33,2025-04-09 10:13:34,86748861317839,2920,GTSPD,0x09fe7fbf,802003,0x0902,0x0915,100,14355,0,0,1,1,22,11,-,1,3003,005a,589,-23.262786,-51.165518,724,6,c4a7,07a5bc0d,0,0.0,542,929582,-,-,0,-,,,,,,,,,
2025-04-09 07:14:08,2025-04-09 10:14:07,2025-04-09 10:14:08,86748861317839,2921,GTSPD,0x09fe7fbf,802003,0x0902,0x0915,100,14322,0,0,1,1,22,11,-,1,1907,005a,563,-23.262756,-51.161627,724,6,c4a7,07a5bc01,0,0.0,771,929811,-,-,0,-,,,,,,,,,
2025-04-09 07:14:27,2025-04-09 10:14:26,2025-04-09 10:14:27,86748861317839,2923,GTSPD,0x09fe7fbf,802003,0x0902,0x0915,100,14287,0,0,1,1,22,11,-,1,3006,005a,576,-23.26275,-51.159507,724,6,c4a7,07a5bc01,0,0.0,789,929829,-,-,0,-,,,,,,,,,
2025-04-09 07:15:06,2025-04-09 10:15:05,2025-04-09 10:15:05,86748861317839,2924,GTDAT,0x09fe7fbf,802003,0x0902,0x0915,100,14365,0,0,1,1,22,11,-,1,3503,008a,565,-23.264148,-51.155076,724,6,c4a7,07a72901,0,0,1024,930064,-,-,0,-,Timeout ID,,,,,,,,
2025-04-09 07:16:01,2025-04-09 10:16:01,2025-04-09 10:16:01,86748861317839,2925,GTSPD,0x09fe7fbf,802003,0x0902,0x0915,100,14317,0,0,1,1,22,11,-,1,2502,006b,515,-23.269355,-51.150178,724,6,c4a7,07a54f01,0,0.0,1081,930317,-,-,0,-,,,,,,,,,
2025-04-09 07:17:42,2025-04-09 10:17:41,2025-04-09 10:17:42,86748861317839,2927,GTSPD,0x09fe7fbf,802003,0x0902,0x0915,100,14310,0,0,1,1,22,11,-,1,3104,002b,503,-23.26909,-51.147845,724,6,c4a7,07a5ccdd,0,0.0,1572,930612,-,-,0,-,,,,,,,,,
2025-04-09 07:18:00,2025-04-09 10:17:59,2025-04-09 10:18:00,86748861317839,2928,GTSPD,0x09fe7fbf,802003,0x0902,0x0915,100,14264,0,0,1,1,22,11,-,1,2709,55,520,-23.268664,-51.145955,724,6,c4a7,07a7290c,0,0.0,1590,930826,-,-,0,-,,,,,,,,,
2025-04-09 07:18:11,2025-04-09 10:18:10,2025-04-09 10:18:11,86748861317839,2929,GTSPD,0x09fe7fbf,802003,0x0902,0x0915,100,14264,0,0,1,1,22,10,-,1,2809,005a,531,-23.268676,-51.1447,724,6,c4a7,07a7290c,0,0.0,1798,930838,-,-,0,-,,,,,,,,,
2025-04-09 07:18:22,2025-04-09 10:18:21,2025-04-09 10:18:22,86748861317839,2930,GTSPD,0x09fe7fbf,802003,0x0902,0x0915,100,14202,0,0,1,1,22,11,-,1,2505,005b,535,-23.268694,-51.143564,724,6,c3df,07a7390b,0,0.0,1810,930850,-,-,0,-,,,,,,,,,
2025-04-09 07:20:04,2025-04-09 10:20:04,2025-04-09 10:20:04,86748861317839,2931,GTSPD,0x09fe7fbf,802003,0x0902,0x0915,100,14149,0,0,1,1,22,11,-,1,002b01,59,533,-23.265324,-51.13897,724,6,c4a7,07a57d34,0,0.0,2304,931344,-,-,0,-,,,,,,,,,
2025-04-09 07:20:17,2025-04-09 10:20:17,2025-04-09 10:20:17,86748861317839,2933,GTSPD,0x09fe7fbf,802003,0x0902,0x0915,100,13991,0,0,1,1,22,12,-,1,0,005e,542,-23.265339,-51.138266,724,6,c4a7,07a72934,0,0.0,2316,931356,-,-,0,-,,,,,,,,,
2025-04-09 07:21:56,2025-04-09 10:21:55,2025-04-09 10:21:56,86748861317839,2934,GTSPD,0x09fe7fbf,802003,0x0902,0x0915,100,14074,0,0,1,1,22,11,-,1,3301,00b6,527,-23.267067,-51.138225,724,6,c4a7,07a72902,0,0.0,2611,931847,-,-,0,-,,,,,,,,,
2025-04-09 07:23:27,2025-04-09 10:23:26,2025-04-09 10:23:27,86748861317839,2936,GTSPD,0x09fe7fbf,802003,0x0902,0x0915,100,14023,0,0,1,1,22,12,-,1,2508,00bc,544,-23.278089,-51.139072,724,6,c4a7,07a54f01,0,0.0,3093,932133,-,-,0,-,,,,,,,,,
2025-04-09 07:23:48,2025-04-09 10:23:48,2025-04-09 10:23:48,86748861317839,2937,GTSPD,0x09fe7fbf,802003,0x0902,0x0915,100,14086,0,0,1,1,22,10,-,1,3407,00b7,532,-23.280215,-51.138634,724,6,c4a7,07a54f01,0,0.0,3114,932154,-,-,0,-,,,,,,,,,
2025-04-09 07:25:07,2025-04-09 10:25:07,2025-04-09 10:25:07,86748861317839,2938,GTSPD,0x09fe7fbf,802003,0x0902,0x0915,100,14099,0,0,1,1,22,12,-,1,1002,00b6,534,-23.29192,-51.138991,724,6,c4a7,07a54f03,0,0.0,3587,932627,-,-,0,-,,,,,,,,,
2025-04-09 07:27:43,2025-04-09 10:27:42,2025-04-09 10:27:43,86748861317839,2940,GTSPD,0x09fe7fbf,802003,0x0902,0x0915,100,13967,0,0,1,1,22,12,-,1,3408,110,533,-23.292826,-51.146211,724,6,c4a7,07a74315,0,0.0,4135,983351,-,-,0,-,,,,,,,,,
2025-04-09 07:28:13,2025-04-09 10:28:12,2025-04-09 10:28:13,86748861317839,2941,GTSPD,0x09fe7fbf,802003,0x0902,0x0915,100,13866,0,0,1,1,22,12,-,1,001c03,010e,515,-23.292874,-51.149959,724,6,c4a7,07a74315,0,0.0,4361,983577,-,-,0,-,,,,,,,,,
2025-04-09 07:31:43,2025-04-09 10:31:42,2025-04-09 10:31:43,86748861317839,2943,GTSPD,0x09fe7fbf,802003,0x0902,0x0915,100,13861,0,0,1,1,22,12,-,1,3402,010e,534,-23.292832,-51.155805,724,6,c4a7,07a5cc34,0,0.0,5159,984375,-,-,0,-,,,,,,,,,
2025-04-09 07:32:25,2025-04-09 10:32:24,2025-04-09 10:32:25,86748861317839,2945,GTSPD,0x09fe7fbf,802003,0x0902,0x0915,100,13815,0,0,1,1,22,12,-,1,100000,010e,543,-23.292785,-51.160986,724,6,c4a7,07a74317,0,0.0,5397,984613,-,-,0,-,,,,,,,,,
2025-04-09 07:32:58,2025-04-09 10:32:57,2025-04-09 10:32:58,86748861317839,2946,GTSPD,0x09fe7fbf,802003,0x0902,0x0915,100,13841,0,0,1,1,22,12,-,1,2000000,110,547,-23.292751,-51.164167,724,6,c4a7,07a74317,0,0.0,5430,984842,-,-,0,-,,,,,,,,,
2025-04-09 07:33:24,2025-04-09 10:33:23,2025-04-09 10:33:24,86748861317839,2947,GTSPD,0x09fe7fbf,802003,0x0902,0x0915,100,13789,0,0,1,1,22,12,-,1,2502,010e,557,-23.292695,-51.167162,724,6,c4a7,07a7430d,0,0.0,5650,984866,-,-,0,-,,,,,,,,,
2025-04-09 07:33:54,2025-04-09 10:33:53,2025-04-09 10:33:54,86748861317839,2948,GTSPD,0x09fe7fbf,802003,0x0902,0x0915,100,13796,0,0,1,1,22,12,-,1,20000000,111,564,-23.292653,-51.170519,724,6,c4a7,07a5be0c,0,0.0,5680,985092,-,-,0,-,,,,,,,,,
2025-04-09 07:34:19,2025-04-09 10:34:19,2025-04-09 10:34:19,86748861317839,2949,GTSPD,0x09fe7fbf,802003,0x0902,0x0915,100,13714,0,0,1,1,22,12,-,1,1,010f,549,-23.292309,-51.172855,724,6,c4a7,07a5be0c,0,0.0,5903,985119,-,-,0,-,,,,,,,,,
2025-04-09 07:37:27,2025-04-09 10:37:26,2025-04-09 10:37:27,86748861317839,2951,GTSPD,0x09fe7fbf,802003,0x0902,0x0915,100,13854,0,0,1,1,22,12,-,1,002f08,00b6,586,-23.297973,-51.173422,724,6,c4a7,07a5420c,0,0.0,6677,985893,-,-,0,-,,,,,,,,,
2025-04-09 07:37:41,2025-04-09 10:37:41,2025-04-09 10:37:41,86748861317839,2952,GTSPD,0x09fe7fbf,802003,0x0902,0x0915,100,13773,0,0,1,1,22,12,-,1,1502,00d2,596,-23.299019,-51.173529,724,6,c4a7,07a5420c,0,0.0,6692,985908,-,-,0,-,,,,,,,,,
2025-04-09 07:41:40,2025-04-09 10:41:39,2025-04-09 10:41:40,86748861317839,2955,GTSPD,0x09fe7fbf,802003,0x0902,0x0915,100,13747,0,0,1,1,22,11,-,1,002a08,00ac,623,-23.304914,-51.17866,724,6,c4a7,07b1110b,0,0.0,7716,986932,-,-,0,-,,,,,,,,,
2025-04-09 07:41:54,2025-04-09 10:41:53,2025-04-09 10:41:54,86748861317839,2956,GTSPD,0x09fe7fbf,802003,0x0902,0x0915,100,13585,0,0,1,1,22,12,-,1,903,00ac,622,-23.305994,-51.178508,724,6,c4a7,07b1110b,0,0.0,7728,987140,-,-,0,-,,,,,,,,,
2025-04-09 07:42:29,2025-04-09 10:42:29,2025-04-09 10:42:29,86748861317839,2957,GTSPD,0x09fe7fbf,802003,0x0902,0x0915,100,13787,0,0,1,1,22,12,-,1,002f09,00ac,624,-23.307956,-51.178227,724,6,c4a7,07b1110b,0,0.0,7960,987176,-,-,0,-,,,,,,,,,
2025-04-09 07:42:45,2025-04-09 10:42:45,2025-04-09 10:42:45,86748861317839,2958,GTSPD,0x09fe7fbf,802003,0x0902,0x0915,100,13754,0,0,1,1,22,12,-,1,001c09,00ad,625,-23.309212,-51.178061,724,6,c4a7,07b1110c,0,0.0,7975,987191,-,-,0,-,,,,,,,,,
2025-04-09 07:43:18,2025-04-09 10:43:18,2025-04-09 10:43:18,86748861317839,2959,GTSPD,0x09fe7fbf,802003,0x0902,0x0915,100,13751,0,0,1,1,22,12,-,1,2804,00ad,616,-23.312047,-51.177668,724,6,c4a7,07b1110c,0,0.0,8207,987423,-,-,0,-,,,,,,,,,
2025-04-09 07:43:29,2025-04-09 10:43:29,2025-04-09 10:43:29,86748861317839,2960,GTSPD,0x09fe7fbf,802003,0x0902,0x0915,100,13698,0,0,1,1,22,12,-,1,000f07,00ac,614,-23.312842,-51.177562,724,6,c4a7,07a5530c,0,0.0,8216,987432,-,-,0,-,,,,,,,,,
2025-04-09 07:45:29,2025-04-09 10:45:28,2025-04-09 10:45:29,86748861317839,2962,GTSPD,0x09fe7fbf,802003,0x0902,0x0915,100,13829,0,0,1,1,22,12,-,1,002d05,00ac,603,-23.31642,-51.177076,724,6,c4a7,07a5530c,0,0.0,8728,987944,-,-,0,-,,,,,,,,,
2025-04-09 07:45:42,2025-04-09 10:45:41,2025-04-09 10:45:42,86748861317839,2963,GTSPD,0x09fe7fbf,802003,0x0902,0x0915,100,13832,0,0,1,1,22,12,-,1,1904,00ac,604,-23.317332,-51.176939,724,6,c4a7,07a5530c,0,0.0,8740,987956,-,-,0,-,,,,,,,,,
2025-04-09 07:46:45,2025-04-09 10:46:43,2025-04-09 10:46:44,86748861317839,2964,GTSPD,0x09fe7fbf,802003,0x0902,0x0915,100,13667,0,0,1,1,22,10,-,1,002b07,00ac,590,-23.320349,-51.176556,724,6,c4a7,07a5530c,0,0.0,8999,988215,-,-,0,-,,,,,,,,,
2025-04-09 07:46:57,2025-04-09 10:46:56,2025-04-09 10:46:57,86748861317839,2965,GTSPD,0x09fe7fbf,802003,0x0902,0x0915,100,13605,0,0,1,1,22,12,-,1,3,00ab,582,-23.321165,-51.176452,724,6,c4a7,07a7140b,0,0.0,9011,988423,-,-,0,-,,,,,,,,,
2025-04-09 07:47:42,2025-04-09 10:47:42,2025-04-09 10:47:42,86748861317839,2967,GTSPD,0x09fe7fbf,802003,0x0902,0x0915,100,13775,0,0,1,1,22,12,-,1,3002,00ac,563,-23.323008,-51.176219,724,6,c4a7,07a7140b,0,0.0,9252,988468,-,-,0,-,,,,,,,,,
2025-04-09 07:48:01,2025-04-09 10:48:01,2025-04-09 10:48:01,86748861317839,2968,GTSPD,0x09fe7fbf,802003,0x0902,0x0915,100,13663,0,0,1,1,22,12,-,1,000d05,00dd,545,-23.324424,-51.176301,724,6,c4a7,07a7140b,0,0.0,9273,988685,-,-,0,-,,,,,,,,,
2025-04-09 07:51:09,2025-04-09 10:51:08,2025-04-09 10:50:35,86748861317839,2970,GTIGF,0x09fe7fbf,802003,0x0902,0x0915,100,13639,0,0,0,1,12,11,2405,0,0,00ab,611,-23.329482,-51.177428,724,6,c4a7,07a71517,0,0,10243,989459,-,-,01a2cb5224000088,-,,,,,,,,,
2025-04-09 07:51:09,2025-04-09 10:51:08,2025-04-09 10:50:35,86748861317839,2971,GTSTT,0x09fe7fbf,802003,0x0902,0x0915,100,13639,0,0,0,1,12,11,-,0,0,00ab,611,-23.329482,-51.177428,724,6,c4a7,07a71517,0,0,10243,989459,-,-,0,-,,,,,,,,,
2025-04-09 07:51:10,2025-04-09 10:51:10,2025-04-09 10:50:11,86748861317839,2972,GTIGL,0x09fe7fbf,802003,0x0902,0x0915,100,13639,0,0,0,1,12,10,-,0,0,00ab,611,-23.329485,-51.177429,724,6,c4a7,07a71517,0,0.0,10243,989459,-,-,0,-,,,,,,,,,
2025-04-09 07:51:59,2025-04-09 10:51:58,2025-04-09 10:50:35,86748861317839,2974,GTSTT,0x09fe7fbf,802003,0x0902,0x0915,100,13155,0,0,0,1,11,11,-,0,0,00ab,611,-23.329482,-51.177428,724,6,c4a7,07a71434,0,0,10243,989459,-,-,0,-,,,,,,,,,
