Data Inclusão,Hora Inclusão,Data Evento,Hora Evento,IMEI,Sequência,Tipo Mensagem,Máscara,Tipo Dispositivo,Versão Protocolo,Versão Firmware,Bateria Interna,Alimentação Externa,Analog Input Mode,Analog Input1 Voltage,Digital Input Status,Digital Output Status,Motion Status,Satélites, Report type, Duração da Ignição,Precisão GNSS,Velocidade,Azimuth,Altitude,Latitude,Longitude,GNSS UTC Time,MCC,MNC,LAC,Cell ID,Hodômetro Atual,Hodômetro Total,Horímetro Atual,Horímetro Total,Motivo Power Off,Motivo Power On, Diferença dos tempos a partir do IGN, Diferença de tempos a partir do IGF, Time fix, 1-wire, ble, RAT, Band
09/05/2025,15:45:39,05/233/7,09:18:44,8674886293973,0x15e4,GTSTT,0x09fe7fbf,802003,0x0a04,0x0a14,0,12706,0000,0000,01,00,22,0,-,-,00,0.0,0000,0x0000,00000000,00000000,00000000000000,0724,0006,c4a7,07a7140c,0x000000,0x0000000001,0x000000,0x000000000000,-,-,-,-, None
09/05/2025,15:45:39,,,,0x15e5,HBD
09/05/2025,15:45:40,05/233/7,09:18:45,8674886293973,0x15e6,GTSTT,0x09fe7fbf,802003,0x0a04,0x0a14,0,12569,0000,0000,01,00,21,0,-,-,00,0.0,0000,0x0000,00000000,00000000,00000000000000,0724,0006,c4a7,07a7140c,0x000000,0x0000000001,0x000000,0x000000000000,-,-,-,-, None
09/05/2025,15:45:40,05/233/7,09:18:45,8674886293973,0x15e7,GTSTT,0x09fe7fbf,802003,0x0a04,0x0a14,0,12666,0000,0000,01,00,22,0,-,-,00,0.0,0000,0x0000,00000000,00000000,00000000000000,0724,0006,c4a7,07a7140c,0x000000,0x0000000001,0x000000,0x000000000000,-,-,-,-, None
09/05/2025,15:49:09,,,,0x15eb,HBD
09/05/2025,15:50:10,09/05/2025,18:46:20,8674886293973,0x15e8,GTSTT,0x09fe7fbf,802003,0x0a04,0x0a14,0,12750,0000,0000,01,00,21,0,-,-,00,0.0,0000,0x0000,00000000,00000000,00000000000000,0724,0006,c4a7,07a7140c,0x0.0,0x0.1,0x0:00:00,0x0:00:00,-,-,-,-, None
09/05/2025,15:50:11,09/05/2025,18:46:31,8674886293973,0x15e9,GTSTT,0x09fe7fbf,802003,0x0a04,0x0a14,0,12634,0000,0000,01,00,22,0,-,-,00,0.0,0000,0x0000,00000000,00000000,00000000000000,0724,0006,c4a7,07a7140c,0x0.0,0x0.1,0x0:00:00,0x0:00:00,-,-,-,-, None
09/05/2025,15:50:11,09/05/2025,18:47:21,8674886293973,0x15ea,GTSTT,0x09fe7fbf,802003,0x0a04,0x0a14,0,12638,0000,0000,01,00,21,0,-,-,00,0.0,0000,0x0000,00000000,00000000,00000000000000,0724,0006,c4a7,07a7140c,0x0.0,0x0.1,0x0:00:00,0x0:00:00,-,-,-,-, None
09/05/2025,15:50:12,09/05/2025,18:48:11,8674886293973,0x15ec,GTSTT,0x09fe7fbf,802003,0x0a04,0x0a14,0,12626,0000,0000,01,00,22,0,-,-,00,0.0,0000,0x0000,00000000,00000000,00000000000000,0724,0006,c4a7,07a7140c,0x0.0,0x0.1,0x0:00:00,0x0:00:00,-,-,-,-, None
09/05/2025,15:50:12,09/05/2025,18:49:49,8674886293973,0x15ed,GTSTT,0x09fe7fbf,802003,0x0a04,0x0a14,0,12705,0000,0000,01,00,21,0,-,-,00,0.0,0000,0x0000,00000000,00000000,00000000000000,0724,0006,c4a7,07a7140c,0x0.0,0x0.1,0x0:00:00,0x0:00:00,-,-,-,-, None
09/05/2025,15:50:13,09/05/2025,18:49:53,8674886293973,0x15ee,GTSTT,0x09fe7fbf,802003,0x0a04,0x0a14,0,12799,0000,0000,01,00,22,0,-,-,00,0.0,0000,0x0000,00000000,00000000,00000000000000,0724,0006,c4a7,07a7140c,0x0.0,0x0.1,0x0:00:00,0x0:00:00,-,-,-,-, None
09/05/2025,15:50:23,AT+GTUDF=gv58cg,1,0,0000000000000001,0,00000,00000,0000000E,1,00000,00000,000,000,FFFF$
09/05/2025,15:50:23,,,,0x15ef,ACK
09/05/2025,15:50:27,09/05/2025,18:50:28,8674886293973,0x15f0,GTSTT,0x09fe7fbf,802003,0x0a04,0x0a14,0,12706,0000,0000,01,00,21,0,-,-,00,0.0,0000,0x0000,00000000,00000000,00000000000000,0724,0006,c4a7,07a7140c,0x0.0,0x0.1,0x0:00:00,0x0:00:00,-,-,-,-, None
09/05/2025,15:50:29,,,,0x15f1,HBD
09/05/2025,15:50:49,09/05/2025,18:50:50,8674886293973,0x15f2,GTSTT,0x09fe7fbf,802003,0x0a04,0x0a14,0,12699,0000,0000,01,00,22,0,-,-,00,0.0,0000,0x0000,00000000,00000000,00000000000000,0724,0006,c4a7,07a7140c,0x0.0,0x0.1,0x0:00:00,0x0:00:00,-,-,-,-, None
09/05/2025,15:51:01,-, -, -, 0x15f3,GTBDS, -, -, -, -, -, -, -, -, -, -, -, -, -, -, -, -, -, -, -, -, -, -, -, -, -, -, -, -, -, -, -, -
09/05/2025,15:52:16,09/05/2025,18:52:17,8674886293973,0x15f4,GTSTT,0x09fe7fbf,802003,0x0a04,0x0a14,0,12670,0000,0000,01,00,21,0,-,-,00,0.0,0000,0x0000,00000000,00000000,00000000000000,0724,0006,c4a7,07a71434,0x0.0,0x0.1,0x0:00:00,0x0:00:00,-,-,-,-, None
09/05/2025,15:52:29,,,,0x15f5,HBD
09/05/2025,15:52:39,09/05/2025,18:52:40,8674886293973,0x15f6,GTSTT,0x09fe7fbf,802003,0x0a04,0x0a14,0,12714,0000,0000,01,00,22,0,-,-,00,0.0,0000,0x0000,00000000,00000000,00000000000000,0724,0006,c4a7,07a71434,0x0.0,0x0.1,0x0:00:00,0x0:00:00,-,-,-,-, None
09/05/2025,15:53:14,09/05/2025,18:53:15,8674886293973,0x15f7,GTSTT,0x09fe7fbf,802003,0x0a04,0x0a14,0,12839,0000,0000,01,00,21,0,-,-,00,0.0,0000,0x0000,00000000,00000000,00000000000000,0724,0006,c4a7,07a71434,0x0.0,0x0.1,0x0:00:00,0x0:00:00,-,-,-,-, None
09/05/2025,15:54:17,09/05/2025,18:54:18,8674886293973,0x15f8,GTSTT,0x09fe7fbf,802003,0x0a04,0x0a14,0,12684,0000,0000,01,00,22,0,-,-,00,0.0,0000,0x0000,00000000,00000000,00000000000000,0724,0006,c4a7,07a7140c,0x0.0,0x0.1,0x0:00:00,0x0:00:00,-,-,-,-, None
09/05/2025,15:54:30,,,,0x15f9,HBD
09/05/2025,15:54:52,09/05/2025,18:54:53,8674886293973,0x15fa,GTSTT,0x09fe7fbf,802003,0x0a04,0x0a14,0,12678,0000,0000,01,00,21,0,-,-,00,0.0,0000,0x0000,00000000,00000000,00000000000000,0724,0006,c4a7,07a7140c,0x0.0,0x0.1,0x0:00:00,0x0:00:00,-,-,-,-, None
09/05/2025,15:55:45,09/05/2025,18:55:46,8674886293973,0x15fb,GTSTT,0x09fe7fbf,802003,0x0a04,0x0a14,0,12810,0000,0000,01,00,22,0,-,-,00,0.0,0000,0x0000,00000000,00000000,00000000000000,0724,0006,c4a7,07a7140c,0x0.0,0x0.1,0x0:00:00,0x0:00:00,-,-,-,-, None
09/05/2025,15:56:30,,,,0x15fc,HBD
09/05/2025,15:57:58,09/05/2025,18:58:00,8674886293973,0x15fd,GTSTT,0x09fe7fbf,802003,0x0a04,0x0a14,0,12673,0000,0000,01,00,21,0,-,-,00,0.0,0000,0x0000,00000000,00000000,00000000000000,0724,0006,c4a7,07a7140c,0x0.0,0x0.1,0x0:00:00,0x0:00:00,-,-,-,-, None
09/05/2025,15:58:19,09/05/2025,18:58:20,8674886293973,0x15fe,GTSTT,0x09fe7fbf,802003,0x0a04,0x0a14,0,12673,0000,0000,01,00,22,0,-,-,00,0.0,0000,0x0000,00000000,00000000,00000000000000,0724,0006,c4a7,07a7140c,0x0.0,0x0.1,0x0:00:00,0x0:00:00,-,-,-,-, None
09/05/2025,15:58:30,,,,0x15ff,HBD
09/05/2025,15:58:54,09/05/2025,18:58:55,8674886293973,0x1600,GTSTT,0x09fe7fbf,802003,0x0a04,0x0a14,0,12806,0000,0000,01,00,21,0,-,-,00,0.0,0000,0x0000,00000000,00000000,00000000000000,0724,0006,c4a7,07a7140c,0x0.0,0x0.1,0x0:00:00,0x0:00:00,-,-,-,-, None
09/05/2025,15:58:56,09/05/2025,18:58:57,8674886293973,0x1601,GTSTT,0x09fe7fbf,802003,0x0a04,0x0a14,0,12677,0000,0000,01,00,22,0,-,-,00,0.0,0000,0x0000,00000000,00000000,00000000000000,0724,0006,c4a7,07a7140c,0x0.0,0x0.1,0x0:00:00,0x0:00:00,-,-,-,-, None
09/05/2025,16:00:41,,,,0x1602,HBD
09/05/2025,16:02:30,,,,0x1603,HBD
09/05/2025,16:03:22,09/05/2025,19:03:23,8674886293973,0x1604,GTSTT,0x09fe7fbf,802003,0x0a04,0x0a14,0,12699,0000,0000,01,00,21,0,-,-,00,0.0,0000,0x0000,00000000,00000000,00000000000000,0724,0006,c4a7,07a71434,0x0.0,0x0.1,0x0:00:00,0x0:00:00,-,-,-,-, None
09/05/2025,16:04:13,09/05/2025,19:04:14,8674886293973,0x1605,GTSTT,0x09fe7fbf,802003,0x0a04,0x0a14,0,12841,0000,0000,01,00,22,0,-,-,00,0.0,0000,0x0000,00000000,00000000,00000000000000,0724,0006,c4a7,07a71434,0x0.0,0x0.1,0x0:00:00,0x0:00:00,-,-,-,-, None
09/05/2025,16:04:30,,,,0x1606,HBD
09/05/2025,16:04:49,09/05/2025,19:04:50,8674886293973,0x1607,GTSTT,0x09fe7fbf,802003,0x0a04,0x0a14,0,12695,0000,0000,01,00,21,0,-,-,00,0.0,0000,0x0000,00000000,00000000,00000000000000,0724,0006,c4a7,07a7140c,0x0.0,0x0.1,0x0:00:00,0x0:00:00,-,-,-,-, None
09/05/2025,16:05:02,09/05/2025,19:05:03,8674886293973,0x1608,GTSTT,0x09fe7fbf,802003,0x0a04,0x0a14,0,12709,0000,0000,01,00,22,0,-,-,00,0.0,0000,0x0000,00000000,00000000,00000000000000,0724,0006,c4a7,07a7140c,0x0.0,0x0.1,0x0:00:00,0x0:00:00,-,-,-,-, None
09/05/2025,16:05:38,09/05/2025,19:05:38,8674886293973,0x1609,GTSTT,0x09fe7fbf,802003,0x0a04,0x0a14,0,12667,0000,0000,01,00,21,0,-,-,00,0.0,0000,0x0000,00000000,00000000,00000000000000,0724,0006,c4a7,07a7140c,0x0.0,0x0.1,0x0:00:00,0x0:00:00,-,-,-,-, None
09/05/2025,16:06:25,09/05/2025,19:06:26,8674886293973,0x160a,GTSTT,0x09fe7fbf,802003,0x0a04,0x0a14,0,12721,0000,0000,01,00,22,0,-,-,00,0.0,0000,0x0000,00000000,00000000,00000000000000,0724,0006,c4a7,07a7140c,0x0.0,0x0.1,0x0:00:00,0x0:00:00,-,-,-,-, None
09/05/2025,16:06:30,,,,0x160b,HBD
09/05/2025,16:07:00,09/05/2025,19:07:01,8674886293973,0x160c,GTSTT,0x09fe7fbf,802003,0x0a04,0x0a14,0,12807,0000,0000,01,00,21,0,-,-,00,0.0,0000,0x0000,00000000,00000000,00000000000000,0724,0006,c4a7,07a7140c,0x0.0,0x0.1,0x0:00:00,0x0:00:00,-,-,-,-, None
09/05/2025,16:08:30,,,,0x160d,HBD
09/05/2025,16:10:30,,,,0x160e,HBD
09/05/2025,16:11:17,09/05/2025,19:11:18,8674886293973,0x160f,GTSTT,0x09fe7fbf,802003,0x0a04,0x0a14,0,12722,0000,0000,01,00,22,0,-,-,00,0.0,0000,0x0000,00000000,00000000,00000000000000,0724,0006,c4a7,07a7140c,0x0.0,0x0.1,0x0:00:00,0x0:00:00,-,-,-,-, None
09/05/2025,16:11:53,09/05/2025,19:11:54,8674886293973,0x1610,GTSTT,0x09fe7fbf,802003,0x0a04,0x0a14,0,12853,0000,0000,01,00,21,0,-,-,00,0.0,0000,0x0000,00000000,00000000,00000000000000,0724,0006,c4a7,07a7140c,0x0.0,0x0.1,0x0:00:00,0x0:00:00,-,-,-,-, None
09/05/2025,16:12:30,,,,0x1611,HBD
09/05/2025,16:12:50,09/05/2025,19:12:51,8674886293973,0x1612,GTSTT,0x09fe7fbf,802003,0x0a04,0x0a14,0,12836,0000,0000,01,00,22,0,-,-,00,0.0,0000,0x0000,00000000,00000000,00000000000000,0724,0006,c4a7,07a7140c,0x0.0,0x0.1,0x0:00:00,0x0:00:00,-,-,-,-, None
09/05/2025,16:13:25,09/05/2025,19:13:26,8674886293973,0x1613,GTSTT,0x09fe7fbf,802003,0x0a04,0x0a14,0,12695,0000,0000,01,00,21,0,-,-,00,0.0,0000,0x0000,00000000,00000000,00000000000000,0724,0006,c4a7,07a7140c,0x0.0,0x0.1,0x0:00:00,0x0:00:00,-,-,-,-, None
09/05/2025,16:13:36,09/05/2025,19:13:37,8674886293973,0x1614,GTSTT,0x09fe7fbf,802003,0x0a04,0x0a14,0,12741,0000,0000,01,00,22,0,-,-,00,0.0,0000,0x0000,00000000,00000000,00000000000000,0724,0006,c4a7,07a7140c,0x0.0,0x0.1,0x0:00:00,0x0:00:00,-,-,-,-, None
09/05/2025,16:14:03,,,,0x1613,HBD
09/05/2025,16:14:04,01/01/2020,00:00:06,8674886293973,0x1614,GTPNR,0x09fe7fbf,802003,0x0a04,0x0a14,0,0,0000,0000,00,00,41,0,-,-,00,000000,0000,0x0000,00000000,00000000,00000000000000,0000,0000,0000,00000000,0x0.0,0x0.1,0x0:00:00,0x0:00:00,-,00, -,-
09/05/2025,16:14:05,01/01/2020,00:00:08,8674886293973,0x1615,GTIGN,0x09fe7fbf,802003,0x0a04,0x0a14,0,0,0000,0000,01,00,21,0,-,0,00,000000,0000,0x0000,00000000,00000000,00000000000000,0724,0006,c4a7,07a71434,0x0.0,0x0.1,0x0:00:00,0x0:00:00,-,-,-,-, None
09/05/2025,16:14:05,01/01/2020,00:00:08,8674886293973,0x1616,GTSTT,0x09fe7fbf,802003,0x0a04,0x0a14,0,0,0000,0000,01,00,21,0,-,-,00,0.0,0000,0x0000,00000000,00000000,00000000000000,0724,0006,c4a7,07a71434,0x0.0,0x0.1,0x0:00:00,0x0:00:00,-,-,-,-, None
09/05/2025,16:14:06,01/01/2020,00:00:09,8674886293973,0x1617,GTMPN,0x09fe7fbf,802003,0x0a04,0x0a14,0,12847,0000,0000,01,00,21,0,-,-,00,0.0,0000,0x0000,00000000,00000000,00000000000000,0724,0006,c4a7,07a71434,0x0.0,0x0.1,0x0:00:00,0x0:00:00,-,-,-,-, None
09/05/2025,16:14:42,01/01/2020,00:00:45,8674886293973,0x1618,GTSTT,0x09fe7fbf,802003,0x0a04,0x0a14,0,12924,0000,0000,01,00,22,0,-,-,00,0.0,0000,0x0000,00000000,00000000,00000000000000,0724,0006,c4a7,07a71434,0x0.0,0x0.1,0x0:00:00,0x0:00:00,-,-,-,-, None
09/05/2025,16:15:32,01/01/2020,00:01:35,8674886293973,0x1619,GTSTT,0x09fe7fbf,802003,0x0a04,0x0a14,0,12848,0000,0000,01,00,21,0,-,-,00,0.0,0000,0x0000,00000000,00000000,00000000000000,0724,0006,c4a7,07a71434,0x0.0,0x0.1,0x0:00:00,0x0:00:00,-,-,-,-, None
09/05/2025,16:15:35,01/01/2020,00:01:38,8674886293973,0x161a,GTSTT,0x09fe7fbf,802003,0x0a04,0x0a14,0,12848,0000,0000,01,00,22,0,-,-,00,0.0,0000,0x0000,00000000,00000000,00000000000000,0724,0006,c4a7,07a71434,0x0.0,0x0.1,0x0:00:00,0x0:00:00,-,-,-,-, None
09/05/2025,16:16:04,,,,0x161b,HBD
09/05/2025,16:16:34,19/09/59653,16:36:22,8674886293973,0x161c,GTRTL,0x09fe3fbf,802003,0x0a04,0x0a14,0,12840,0000,0100,22,00,00,1,-,00,0.0,0000,0x0000,00000000,00000000,00000000000724,0006,c4a7,07a7,14340000,0x000000,0x0000010000,0x000000,0x000000000007,-,-,-,-,None
09/05/2025,16:16:34,19/09/59653,16:36:22,8674886293973,0x161d,GTIGL,0x09fe3fbf,802003,0x0a04,0x0a14,0,12840,0000,0100,22,00,00,1,-,00,0.0,0000,0x0000,00000000,00000000,00000000000724,0006,c4a7,07a7,14340000,0x000000,0x0000010000,0x000000,0x000000000007,-,-,-,-,None
09/05/2025,16:18:04,,,,0x161e,HBD
09/05/2025,16:18:18,09/05/2025,19:18:21,8674886293973,0x161f,GTSTT,0x09fe7fbf,802003,0x0a04,0x0a14,0,12861,0000,0000,01,00,21,0,-,-,00,0.0,0000,0x0000,00000000,00000000,00000000000000,0724,0006,c4a7,07a71434,0x0.0,0x0.1,0x0:00:00,0x0:00:00,-,-,-,-, None
09/05/2025,16:18:24,09/05/2025,19:18:27,8674886293973,0x1620,GTSTT,0x09fe7fbf,802003,0x0a04,0x0a14,0,12861,0000,0000,01,00,22,0,-,-,00,0.0,0000,0x0000,00000000,00000000,00000000000000,0724,0006,c4a7,07a71434,0x0.0,0x0.1,0x0:00:00,0x0:00:00,-,-,-,-, None
09/05/2025,16:18:59,09/05/2025,19:19:02,8674886293973,0x1621,GTSTT,0x09fe7fbf,802003,0x0a04,0x0a14,0,12861,0000,0000,01,00,21,0,-,-,00,0.0,0000,0x0000,00000000,00000000,00000000000000,0724,0006,c4a7,07a71434,0x0.0,0x0.1,0x0:00:00,0x0:00:00,-,-,-,-, None
09/05/2025,16:19:37,09/05/2025,19:19:40,8674886293973,0x1622,GTSTT,0x09fe7fbf,802003,0x0a04,0x0a14,0,12854,0000,0000,01,00,22,0,-,-,00,0.0,0000,0x0000,00000000,00000000,00000000000000,0724,0006,c4a7,07a71434,0x0.0,0x0.1,0x0:00:00,0x0:00:00,-,-,-,-, None
09/05/2025,16:20:04,,,,0x1623,HBD
09/05/2025,16:20:28,09/05/2025,19:20:31,8674886293973,0x1624,GTSTT,0x09fe7fbf,802003,0x0a04,0x0a14,0,12833,0000,0000,01,00,21,0,-,-,00,0.0,0000,0x0000,00000000,00000000,00000000000000,0724,0006,c4a7,07a71434,0x0.0,0x0.1,0x0:00:00,0x0:00:00,-,-,-,-, None
09/05/2025,16:21:30,09/05/2025,19:21:32,8674886293973,0x1625,GTSTT,0x09fe7fbf,802003,0x0a04,0x0a14,0,12885,0000,0000,01,00,22,0,-,-,00,0.0,0000,0x0000,00000000,00000000,00000000000000,0724,0006,c4a7,07a71434,0x0.0,0x0.1,0x0:00:00,0x0:00:00,-,-,-,-, None
09/05/2025,16:22:04,,,,0x1626,HBD
09/05/2025,16:24:04,,,,0x1627,HBD
09/05/2025,16:24:10,09/05/2025,19:24:12,8674886293973,0x1628,GTSTT,0x09fe7fbf,802003,0x0a04,0x0a14,0,12934,0000,0000,01,00,21,0,-,-,00,0.0,0000,0x0000,00000000,00000000,00000000000000,0724,0006,c4a7,07a71434,0x0.0,0x0.1,0x0:00:00,0x0:00:00,-,-,-,-, None
09/05/2025,16:25:12,09/05/2025,19:25:15,8674886293973,0x1629,GTSTT,0x09fe7fbf,802003,0x0a04,0x0a14,0,12908,0000,0000,01,00,22,0,-,-,00,0.0,0000,0x0000,00000000,00000000,00000000000000,0724,0006,c4a7,07a71434,0x0.0,0x0.1,0x0:00:00,0x0:00:00,-,-,-,-, None
09/05/2025,16:25:48,09/05/2025,19:25:50,8674886293973,0x162a,GTSTT,0x09fe7fbf,802003,0x0a04,0x0a14,0,12869,0000,0000,01,00,21,0,-,-,00,0.0,0000,0x0000,00000000,00000000,00000000000000,0724,0006,c4a7,07a71434,0x0.0,0x0.1,0x0:00:00,0x0:00:00,-,-,-,-, None
09/05/2025,16:26:04,,,,0x162b,HBD
09/05/2025,16:26:19,09/05/2025,19:26:22,8674886293973,0x162c,GTSTT,0x09fe7fbf,802003,0x0a04,0x0a14,0,12887,0000,0000,01,00,22,0,-,-,00,0.0,0000,0x0000,00000000,00000000,00000000000000,0724,0006,c4a7,07a71434,0x0.0,0x0.1,0x0:00:00,0x0:00:00,-,-,-,-, None
09/05/2025,16:26:54,09/05/2025,19:26:57,8674886293973,0x162d,GTSTT,0x09fe7fbf,802003,0x0a04,0x0a14,0,12899,0000,0000,01,00,21,0,-,-,00,0.0,0000,0x0000,00000000,00000000,00000000000000,0724,0006,c4a7,07a71434,0x0.0,0x0.1,0x0:00:00,0x0:00:00,-,-,-,-, None
09/05/2025,16:28:04,,,,0x162e,HBD
09/05/2025,16:28:16,09/05/2025,19:28:18,8674886293973,0x162f,GTSTT,0x09fe7fbf,802003,0x0a04,0x0a14,0,12906,0000,0000,01,00,22,0,-,-,00,0.0,0000,0x0000,00000000,00000000,00000000000000,0724,0006,c4a7,07a71434,0x0.0,0x0.1,0x0:00:00,0x0:00:00,-,-,-,-, None
09/05/2025,16:29:11,09/05/2025,19:29:13,8674886293973,0x1630,GTSTT,0x09fe7fbf,802003,0x0a04,0x0a14,0,12932,0000,0000,01,00,21,0,-,-,00,0.0,0000,0x0000,00000000,00000000,00000000000000,0724,0006,c4a7,07a71434,0x0.0,0x0.1,0x0:00:00,0x0:00:00,-,-,-,-, None
09/05/2025,16:30:04,,,,0x1631,HBD
09/05/2025,16:30:16,09/05/2025,19:30:19,8674886293973,0x1632,GTSTT,0x09fe7fbf,802003,0x0a04,0x0a14,0,12900,0000,0000,01,00,22,0,-,-,00,0.0,0000,0x0000,00000000,00000000,00000000000000,0724,0006,c4a7,07a71434,0x0.0,0x0.1,0x0:00:00,0x0:00:00,-,-,-,-, None
09/05/2025,16:31:35,09/05/2025,19:31:38,8674886293973,0x1633,GTSTT,0x09fe7fbf,802003,0x0a04,0x0a14,0,12929,0000,0000,01,00,21,0,-,-,00,0.0,0000,0x0000,00000000,00000000,00000000000000,0724,0006,c4a7,07a71434,0x0.0,0x0.1,0x0:00:00,0x0:00:00,-,-,-,-, None
09/05/2025,16:32:04,,,,0x1634,HBD
09/05/2025,16:32:34,09/05/2025,19:32:36,8674886293973,0x1635,GTSTT,0x09fe7fbf,802003,0x0a04,0x0a14,0,12855,0000,0000,01,00,22,0,-,-,00,0.0,0000,0x0000,00000000,00000000,00000000000000,0724,0006,c4a7,07a71434,0x0.0,0x0.1,0x0:00:00,0x0:00:00,-,-,-,-, None
09/05/2025,16:33:25,09/05/2025,19:33:27,8674886293973,0x1636,GTSTT,0x09fe7fbf,802003,0x0a04,0x0a14,0,12935,0000,0000,01,00,21,0,-,-,00,0.0,0000,0x0000,00000000,00000000,00000000000000,0724,0006,c4a7,07a71434,0x0.0,0x0.1,0x0:00:00,0x0:00:00,-,-,-,-, None
09/05/2025,16:34:04,,,,0x1637,HBD
09/05/2025,16:34:07,09/05/2025,19:34:10,8674886293973,0x1638,GTSTT,0x09fe7fbf,802003,0x0a04,0x0a14,0,12918,0000,0000,01,00,22,0,-,-,00,0.0,0000,0x0000,00000000,00000000,00000000000000,0724,0006,c4a7,07a71434,0x0.0,0x0.1,0x0:00:00,0x0:00:00,-,-,-,-, None
09/05/2025,16:34:42,09/05/2025,19:34:45,8674886293973,0x1639,GTSTT,0x09fe7fbf,802003,0x0a04,0x0a14,0,12953,0000,0000,01,00,21,0,-,-,00,0.0,0000,0x0000,00000000,00000000,00000000000000,0724,0006,c4a7,07a71434,0x0.0,0x0.1,0x0:00:00,0x0:00:00,-,-,-,-, None
09/05/2025,16:34:50,09/05/2025,19:34:53,8674886293973,0x163a,GTSTT,0x09fe7fbf,802003,0x0a04,0x0a14,0,12877,0000,0000,01,00,22,0,-,-,00,0.0,0000,0x0000,00000000,00000000,00000000000000,0724,0006,c4a7,07a71434,0x0.0,0x0.1,0x0:00:00,0x0:00:00,-,-,-,-, None
09/05/2025,16:35:25,09/05/2025,19:35:28,8674886293973,0x163b,GTSTT,0x09fe7fbf,802003,0x0a04,0x0a14,0,12856,0000,0000,01,00,21,0,-,-,00,0.0,0000,0x0000,00000000,00000000,00000000000000,0724,0006,c4a7,07a71434,0x0.0,0x0.1,0x0:00:00,0x0:00:00,-,-,-,-, None
09/05/2025,16:35:32,09/05/2025,19:35:34,8674886293973,0x163c,GTSTT,0x09fe7fbf,802003,0x0a04,0x0a14,0,12926,0000,0000,01,00,22,0,-,-,00,0.0,0000,0x0000,00000000,00000000,00000000000000,0724,0006,c4a7,07a71434,0x0.0,0x0.1,0x0:00:00,0x0:00:00,-,-,-,-, None
09/05/2025,16:36:05,,,,0x163d,HBD
09/05/2025,16:36:07,09/05/2025,19:36:10,8674886293973,0x163e,GTSTT,0x09fe7fbf,802003,0x0a04,0x0a14,0,12951,0000,0000,01,00,21,0,-,-,00,0.0,0000,0x0000,00000000,00000000,00000000000000,0724,0006,c4a7,07a71434,0x0.0,0x0.1,0x0:00:00,0x0:00:00,-,-,-,-, None
09/05/2025,16:36:38,09/05/2025,19:36:40,8674886293973,0x163f,GTSTT,0x09fe7fbf,802003,0x0a04,0x0a14,0,12937,0000,0000,01,00,22,0,-,-,00,0.0,0000,0x0000,00000000,00000000,00000000000000,0724,0006,c4a7,07a71434,0x0.0,0x0.1,0x0:00:00,0x0:00:00,-,-,-,-, None
09/05/2025,16:37:13,09/05/2025,19:37:16,8674886293973,0x1640,GTSTT,0x09fe7fbf,802003,0x0a04,0x0a14,0,12867,0000,0000,01,00,21,0,-,-,00,0.0,0000,0x0000,00000000,00000000,00000000000000,0724,0006,c4a7,07a71434,0x0.0,0x0.1,0x0:00:00,0x0:00:00,-,-,-,-, None
09/05/2025,16:38:05,,,,0x1641,HBD
09/05/2025,16:40:05,,,,0x1642,HBD
09/05/2025,16:41:33,09/05/2025,19:41:36,8674886293973,0x1643,GTSTT,0x09fe7fbf,802003,0x0a04,0x0a14,0,12866,0000,0000,01,00,22,0,-,-,00,0.0,0000,0x0000,00000000,00000000,00000000000000,0724,0006,c4a7,07a71434,0x0.0,0x0.1,0x0:00:00,0x0:00:00,-,-,-,-, None
09/05/2025,16:42:05,,,,0x1644,HBD
09/05/2025,16:42:09,09/05/2025,19:42:11,8674886293973,0x1645,GTSTT,0x09fe7fbf,802003,0x0a04,0x0a14,0,12866,0000,0000,01,00,21,0,-,-,00,0.0,0000,0x0000,00000000,00000000,00000000000000,0724,0006,c4a7,07a71434,0x0.0,0x0.1,0x0:00:00,0x0:00:00,-,-,-,-, None
09/05/2025,16:44:05,,,,0x1646,HBD
09/05/2025,16:46:05,,,,0x1647,HBD
09/05/2025,16:48:05,,,,0x1648,HBD
09/05/2025,16:50:06,,,,0x1649,HBD
09/05/2025,16:51:55,09/05/2025,19:51:57,8674886293973,0x164a,GTSTT,0x09fe7fbf,802003,0x0a04,0x0a14,0,12880,0000,0000,01,00,22,0,-,-,00,0.0,0000,0x0000,00000000,00000000,00000000000000,0724,0006,c4a7,07a71434,0x0.0,0x0.1,0x0:00:00,0x0:00:00,-,-,-,-, None
09/05/2025,16:52:06,,,,0x164b,HBD
09/05/2025,16:52:59,	AT+GTUDF=gv58cg,1,0,0000000000000001,0,00000,00000,0000000E,1,00000,00000,000,000,FFFF$
09/05/2025,16:53:07,AT+GTUDF=gv58cg,1,0,0000000000000001,0,00000,00000,0000000E,1,00000,00000,000,000,FFFF$
09/05/2025,16:53:37,,,,0x164c,HBD
09/05/2025,16:53:37,01/01/2020,00:00:07,8674886293973,0x164d,GTPNR,0x09fe7fbf,802003,0x0a04,0x0a14,0,0,0000,0000,00,00,41,0,-,-,00,000000,0000,0x0000,00000000,00000000,00000000000000,0000,0000,0000,00000000,0x0.0,0x0.1,0x0:00:00,0x0:00:00,-,00, -,-
09/05/2025,16:53:38,01/01/2020,00:00:09,8674886293973,0x164e,GTIGN,0x09fe7fbf,802003,0x0a04,0x0a14,0,0,0000,0000,01,00,21,0,-,0,00,000000,0000,0x0000,00000000,00000000,00000000000000,0724,0006,c4a7,07a71434,0x0.0,0x0.1,0x0:00:00,0x0:00:00,-,-,-,-, None
09/05/2025,16:53:38,01/01/2020,00:00:09,8674886293973,0x164f,GTSTT,0x09fe7fbf,802003,0x0a04,0x0a14,0,0,0000,0000,01,00,21,0,-,-,00,0.0,0000,0x0000,00000000,00000000,00000000000000,0724,0006,c4a7,07a71434,0x0.0,0x0.1,0x0:00:00,0x0:00:00,-,-,-,-, None
09/05/2025,16:53:39,01/01/2020,00:00:10,8674886293973,0x1650,GTMPN,0x09fe7fbf,802003,0x0a04,0x0a14,0,12803,0000,0000,01,00,21,0,-,-,00,0.0,0000,0x0000,00000000,00000000,00000000000000,0724,0006,c4a7,07a71434,0x0.0,0x0.1,0x0:00:00,0x0:00:00,-,-,-,-, None
09/05/2025,16:54:08,01/01/2020,00:00:39,8674886293973,0x1651,GTSTT,0x09fe7fbf,802003,0x0a04,0x0a14,0,12881,0000,0000,01,00,22,0,-,-,00,0.0,0000,0x0000,00000000,00000000,00000000000000,0724,0006,c4a7,07a71434,0x0.0,0x0.1,0x0:00:00,0x0:00:00,-,-,-,-, None
09/05/2025,16:55:03,01/01/2020,00:01:34,8674886293973,0x1652,GTSTT,0x09fe7fbf,802003,0x0a04,0x0a14,0,12934,0000,0000,01,00,21,0,-,-,00,0.0,0000,0x0000,00000000,00000000,00000000000000,0724,0006,c4a7,07a71434,0x0.0,0x0.1,0x0:00:00,0x0:00:00,-,-,-,-, None
09/05/2025,16:55:19,01/01/2020,00:01:50,8674886293973,0x1653,GTSTT,0x09fe7fbf,802003,0x0a04,0x0a14,0,12955,0000,0000,01,00,22,0,-,-,00,0.0,0000,0x0000,00000000,00000000,00000000000000,0724,0006,c4a7,07a71434,0x0.0,0x0.1,0x0:00:00,0x0:00:00,-,-,-,-, None
09/05/2025,16:55:32,AT+GTUDF=gv58cg,1,0,0000000000000001,0,00000,00000,0000000E,1,00000,00000,000,000,FFFF$
09/05/2025,16:55:33,,,,0x1654,ACK
09/05/2025,16:55:36,,,,0x1655,HBD
09/05/2025,16:55:53,-, -, -, 0x1656,GTBCS, -, -, -, -, -, -, -, -, -, -, -, -, -, -, -, -, -, -, -, -, -, -, -, -, -, -, -, -, -, -, -, -
09/05/2025,16:56:07,19/09/59653,56:08:22,8674886293973,0x1657,GTRTL,0x09fe3fbf,802003,0x0a04,0x0a14,0,12886,0000,0100,22,00,00,1,-,00,0.0,0000,0x0000,00000000,00000000,00000000000724,0006,c4a7,07a7,14340000,0x000000,0x0000010000,0x000000,0x000000000007,-,-,-,-,None
09/05/2025,16:56:07,19/09/59653,56:08:22,8674886293973,0x1658,GTIGL,0x09fe3fbf,802003,0x0a04,0x0a14,0,12886,0000,0100,22,00,00,1,-,00,0.0,0000,0x0000,00000000,00000000,00000000000724,0006,c4a7,07a7,14340000,0x000000,0x0000010000,0x000000,0x000000000007,-,-,-,-,None
09/05/2025,16:56:41,09/05/2025,19:56:42,8674886293973,0x1659,GTSTT,0x09fe7fbf,802003,0x0a04,0x0a14,0,12896,0000,0000,01,00,21,0,-,-,00,0.0,0000,0x0000,00000000,00000000,00000000000000,0724,0006,c4a7,07a71434,0x0.0,0x0.1,0x0:00:00,0x0:00:00,-,-,-,-, None
09/05/2025,16:57:21,09/05/2025,19:57:22,8674886293973,0x165a,GTSTT,0x09fe7fbf,802003,0x0a04,0x0a14,0,12886,0000,0000,01,00,22,0,-,-,00,0.0,0000,0x0000,00000000,00000000,00000000000000,0724,0006,c4a7,07a71434,0x0.0,0x0.1,0x0:00:00,0x0:00:00,-,-,-,-, None
09/05/2025,16:57:36,,,,0x165b,HBD
09/05/2025,16:57:58,AT+GTUDF=gv58cg,1,1,0000000000000002,0,00000,00000,00000030,1,00000,00000,000,000,FFFF$
09/05/2025,16:57:59,,,,0x165c,ACK
09/05/2025,16:58:08,09/05/2025,19:58:09,8674886293973,0x165d,GTSTT,0x09fe7fbf,802003,0x0a04,0x0a14,0,12894,0000,0000,01,00,21,0,-,-,00,0.0,0000,0x0000,00000000,00000000,00000000000000,0724,0006,c4a7,07a71434,0x0.0,0x0.1,0x0:00:00,0x0:00:00,-,-,-,-, None
09/05/2025,16:58:13,09/05/2025,19:58:14,8674886293973,0x165e,GTSTT,0x09fe7fbf,802003,0x0a04,0x0a14,0,12810,0000,0000,01,00,22,0,-,-,00,0.0,0000,0x0000,00000000,00000000,00000000000000,0724,0006,c4a7,07a71434,0x0.0,0x0.1,0x0:00:00,0x0:00:00,-,-,-,-, None
09/05/2025,16:58:33,-, -, -, 0x165f,GTBDS, -, -, -, -, -, -, -, -, -, -, -, -, -, -, -, -, -, -, -, -, -, -, -, -, -, -, -, -, -, -, -, -
09/05/2025,16:58:38,-, -, -, 0x1660,GTBCS, -, -, -, -, -, -, -, -, -, -, -, -, -, -, -, -, -, -, -, -, -, -, -, -, -, -, -, -, -, -, -, -
09/05/2025,16:59:29,09/05/2025,19:59:30,8674886293973,0x1661,GTSTT,0x09fe7fbf,802003,0x0a04,0x0a14,0,12876,0000,0000,01,00,21,0,-,-,00,0.0,0000,0x0000,00000000,00000000,00000000000000,0724,0006,c4a7,07a71434,0x0.0,0x0.1,0x0:00:00,0x0:00:00,-,-,-,-, None
09/05/2025,16:59:37,,,,0x1662,HBD
09/05/2025,17:00:39,AT+GTUDF=gv58cg,1,2,0000000000000002,240,00000,00000,00000046,1,00000,00000,000,000,FFFF$
09/05/2025,17:00:52,09/05/2025,20:00:53,8674886293973,0x1663,GTSTT,0x09fe7fbf,802003,0x0a04,0x0a14,0,12946,0000,0000,01,00,22,0,-,-,00,0.0,0000,0x0000,00000000,00000000,00000000000000,0724,0006,c4a7,07a71434,0x0.0,0x0.1,0x0:00:00,0x0:00:00,-,-,-,-, None
09/05/2025,17:01:05,AT+GTUDF=gv58cg,1,2,0000000000000002,240,00000,00000,00000046,1,00000,00000,000,000,FFFF$
09/05/2025,17:01:05,,,,0x1664,ACK
09/05/2025,17:01:31,09/05/2025,20:01:32,8674886293973,0x1665,GTSTT,0x09fe7fbf,802003,0x0a04,0x0a14,0,12858,0000,0000,01,00,21,0,-,-,00,0.0,0000,0x0000,00000000,00000000,00000000000000,0724,0006,c4a7,07a71434,0x0.0,0x0.1,0x0:00:00,0x0:00:00,-,-,-,-, None
09/05/2025,17:01:37,,,,0x1666,HBD
09/05/2025,17:01:49,AT+GTUDF=gv58cg,1,2,0000000000000002,240,00000,00000,00000046,1,00000,00000,000,000,FFFF$
09/05/2025,17:01:49,,,,0x1667,ACK
09/05/2025,17:02:16,09/05/2025,20:02:16,8674886293973,0x1668,GTSTT,0x09fe7fbf,802003,0x0a04,0x0a14,0,12910,0000,0000,01,00,22,0,-,-,00,0.0,0000,0x0000,00000000,00000000,00000000000000,0724,0006,c4a7,07a71434,0x0.0,0x0.1,0x0:00:00,0x0:00:00,-,-,-,-, None
09/05/2025,17:03:15,09/05/2025,20:03:16,8674886293973,0x1669,GTSTT,0x09fe7fbf,802003,0x0a04,0x0a14,0,12900,0000,0000,01,00,21,0,-,-,00,0.0,0000,0x0000,00000000,00000000,00000000000000,0724,0006,c4a7,07a71434,0x0.0,0x0.1,0x0:00:00,0x0:00:00,-,-,-,-, None
09/05/2025,17:03:21,09/05/2025,20:03:22,8674886293973,0x166a,GTSTT,0x09fe7fbf,802003,0x0a04,0x0a14,0,12900,0000,0000,01,00,22,0,-,-,00,0.0,0000,0x0000,00000000,00000000,00000000000000,0724,0006,c4a7,07a71434,0x0.0,0x0.1,0x0:00:00,0x0:00:00,-,-,-,-, None
09/05/2025,17:03:37,,,,0x166b,HBD
09/05/2025,17:04:50,AT+GTUDF=gv58cg,1,3,0000800000000002,0,00000,00000,00000086,1,00000,00000,000,000,FFFF$
09/05/2025,17:05:12,
09/05/2025,17:05:16,AT+GTUDF=gv58cg,1,3,0000800000000002,0,00000,00000,00000086,1,00000,00000,000,000,FFFF$
09/05/2025,17:05:18,AT+GTUDF=gv58cg,1,3,0000800000000002,0,00000,00000,00000086,1,00000,00000,000,000,FFFF$
09/05/2025,17:05:26,AT+GTUDF=gv58cg,1,3,0000800000000002,0,00000,00000,00000086,1,00000,00000,000,000,FFFF$
09/05/2025,17:05:34,09/05/2025,20:05:35,8674886293973,0x166c,GTIGF,0x09fe7fbf,802003,0x0a04,0x0a14,0,12892,0000,0000,00,00,12,0,-,18941,00,000000,0000,0x0000,00000000,00000000,00000000000000,0724,0006,c4a7,07a71434,0x0.0,0x0.1,0x0:00:00,0x0:00:00,-,-,-,-, None
09/05/2025,17:05:34,09/05/2025,20:05:35,8674886293973,0x166d,GTSTT,0x09fe7fbf,802003,0x0a04,0x0a14,0,12892,0000,0000,00,00,12,0,-,-,00,0.0,0000,0x0000,00000000,00000000,00000000000000,0724,0006,c4a7,07a71434,0x0.0,0x0.1,0x0:00:00,0x0:00:00,-,-,-,-, None
09/05/2025,17:05:36,09/05/2025,20:05:37,8674886293973,0x166e,GTIGN,0x09fe7fbf,802003,0x0a04,0x0a14,0,12892,0000,0000,01,00,22,0,-,2,00,000000,0000,0x0000,00000000,00000000,00000000000000,0724,0006,c4a7,07a71434,0x0.0,0x0.1,0x0:00:00,0x0:00:00,-,-,-,-, None
09/05/2025,17:05:36,09/05/2025,20:05:37,8674886293973,0x166f,GTSTT,0x09fe7fbf,802003,0x0a04,0x0a14,0,12892,0000,0000,01,00,22,0,-,-,00,0.0,0000,0x0000,00000000,00000000,00000000000000,0724,0006,c4a7,07a71434,0x0.0,0x0.1,0x0:00:00,0x0:00:00,-,-,-,-, None
09/05/2025,17:05:37,,,,0x1674,HBD
09/05/2025,17:05:38,09/05/2025,20:05:37,8674886293973,0x1670,GTIGF,0x09fe7fbf,802003,0x0a04,0x0a14,0,12892,0000,0000,00,00,12,0,-,0,00,000000,0000,0x0000,00000000,00000000,00000000000000,0724,0006,c4a7,07a71434,0x0.0,0x0.1,0x0:00:00,0x0:00:00,-,-,-,-, None
09/05/2025,17:05:38,09/05/2025,20:05:37,8674886293973,0x1671,GTSTT,0x09fe7fbf,802003,0x0a04,0x0a14,0,12892,0000,0000,00,00,12,0,-,-,00,0.0,0000,0x0000,00000000,00000000,00000000000000,0724,0006,c4a7,07a71434,0x0.0,0x0.1,0x0:00:00,0x0:00:00,-,-,-,-, None
09/05/2025,17:05:39,09/05/2025,20:05:38,8674886293973,0x1672,GTIGN,0x09fe7fbf,802003,0x0a04,0x0a14,0,12892,0000,0000,00,00,22,0,-,1,00,000000,0000,0x0000,00000000,00000000,00000000000000,0724,0006,c4a7,07a71434,0x0.0,0x0.1,0x0:00:00,0x0:00:00,-,-,-,-, None
09/05/2025,17:05:39,09/05/2025,20:05:38,8674886293973,0x1673,GTSTT,0x09fe7fbf,802003,0x0a04,0x0a14,0,12892,0000,0000,00,00,22,0,-,-,00,0.0,0000,0x0000,00000000,00000000,00000000000000,0724,0006,c4a7,07a71434,0x0.0,0x0.1,0x0:00:00,0x0:00:00,-,-,-,-, None
09/05/2025,17:05:40,09/05/2025,20:05:38,8674886293973,0x1675,GTIGF,0x09fe7fbf,802003,0x0a04,0x0a14,0,12892,0000,0000,01,00,12,0,-,0,00,000000,0000,0x0000,00000000,00000000,00000000000000,0724,0006,c4a7,07a71434,0x0.0,0x0.1,0x0:00:00,0x0:00:00,-,-,-,-, None
09/05/2025,17:05:40,09/05/2025,20:05:38,8674886293973,0x1676,GTSTT,0x09fe7fbf,802003,0x0a04,0x0a14,0,12892,0000,0000,01,00,12,0,-,-,00,0.0,0000,0x0000,00000000,00000000,00000000000000,0724,0006,c4a7,07a71434,0x0.0,0x0.1,0x0:00:00,0x0:00:00,-,-,-,-, None
09/05/2025,17:05:41,09/05/2025,20:05:39,8674886293973,0x1677,GTIGN,0x09fe7fbf,802003,0x0a04,0x0a14,0,12892,0000,0000,01,00,22,0,-,0,00,000000,0000,0x0000,00000000,00000000,00000000000000,0724,0006,c4a7,07a71434,0x0.0,0x0.1,0x0:00:00,0x0:00:00,-,-,-,-, None
09/05/2025,17:05:41,09/05/2025,20:05:39,8674886293973,0x1678,GTSTT,0x09fe7fbf,802003,0x0a04,0x0a14,0,12892,0000,0000,01,00,22,0,-,-,00,0.0,0000,0x0000,00000000,00000000,00000000000000,0724,0006,c4a7,07a71434,0x0.0,0x0.1,0x0:00:00,0x0:00:00,-,-,-,-, None
09/05/2025,17:05:42,20/09/59653,05:39:22,8674886293973,0x1679,GTIGL,0x09fe3fbf,802003,0x0a04,0x0a14,0,12892,0000,0100,22,00,01,1,-,00,0.0,0000,0x0000,00000000,00000000,00000000000724,0006,c4a7,07a7,14340000,0x000000,0x0000010000,0x000000,0x000000000007,-,-,-,-,None
09/05/2025,17:05:42,20/09/59653,05:39:22,8674886293973,0x167a,GTIGL,0x09fe3fbf,802003,0x0a04,0x0a14,0,12892,0000,0100,22,00,00,1,-,00,0.0,0000,0x0000,00000000,00000000,00000000000724,0006,c4a7,07a7,14340000,0x000000,0x0000010000,0x000000,0x000000000007,-,-,-,-,None
09/05/2025,17:05:43,20/09/59653,05:39:22,8674886293973,0x167b,GTIGL,0x09fe3fbf,802003,0x0a04,0x0a14,0,12892,0000,0100,22,00,01,1,-,00,0.0,0000,0x0000,00000000,00000000,00000000000724,0006,c4a7,07a7,14340000,0x000000,0x0000010000,0x000000,0x000000000007,-,-,-,-,None
09/05/2025,17:05:43,20/09/59653,05:39:22,8674886293973,0x167c,GTIGL,0x09fe3fbf,802003,0x0a04,0x0a14,0,12892,0000,0100,22,00,00,1,-,00,0.0,0000,0x0000,00000000,00000000,00000000000724,0006,c4a7,07a7,14340000,0x000000,0x0000010000,0x000000,0x000000000007,-,-,-,-,None
09/05/2025,17:05:44,20/09/59653,05:39:22,8674886293973,0x167d,GTIGL,0x09fe3fbf,802003,0x0a04,0x0a14,0,12892,0000,0100,22,00,01,1,-,00,0.0,0000,0x0000,00000000,00000000,00000000000724,0006,c4a7,07a7,14340000,0x000000,0x0000010000,0x000000,0x000000000007,-,-,-,-,None
09/05/2025,17:05:44,20/09/59653,05:39:22,8674886293973,0x167e,GTIGL,0x09fe3fbf,802003,0x0a04,0x0a14,0,12892,0000,0100,22,00,00,1,-,00,0.0,0000,0x0000,00000000,00000000,00000000000724,0006,c4a7,07a7,14340000,0x000000,0x0000010000,0x000000,0x000000000007,-,-,-,-,None
09/05/2025,17:05:46,AT+GTUDF=gv58cg,1,3,0000800000000002,0,00000,00000,00000086,1,00000,00000,000,000,FFFF$AT+GTUDF=gv58cg,1,3,0000800000000002,0,00000,00000,00000086,1,00000,00000,000,000,FFFF$
09/05/2025,17:05:46,,,,0x167f,ACK
09/05/2025,17:05:47,,,,0x1680,ACK
09/05/2025,17:06:16,09/05/2025,20:06:17,8674886293973,0x1681,GTSTT,0x09fe7fbf,802003,0x0a04,0x0a14,0,12760,0000,0000,01,00,21,0,-,-,00,0.0,0000,0x0000,00000000,00000000,00000000000000,0724,0006,c4a7,07a71434,0x0.0,0x0.1,0x0:00:00,0x0:00:00,-,-,-,-, None
09/05/2025,17:06:43,AT+GTUDF=gv58cg,1,4,0000000000000004,30,00000,00000,0000010E,1,00000,00000,000,000,FFFF$
09/05/2025,17:06:43,,,,0x1682,ACK
09/05/2025,17:06:58,09/05/2025,20:06:58,8674886293973,0x1683,GTSTT,0x09fe7fbf,802003,0x0a04,0x0a14,0,12884,0000,0000,01,00,22,0,-,-,00,0.0,0000,0x0000,00000000,00000000,00000000000000,0724,0006,c4a7,07a71434,0x0.0,0x0.1,0x0:00:00,0x0:00:00,-,-,-,-, None
09/05/2025,17:07:08,-, -, -, 0x1684,GTBDS, -, -, -, -, -, -, -, -, -, -, -, -, -, -, -, -, -, -, -, -, -, -, -, -, -, -, -, -, -, -, -, -
09/05/2025,17:07:22,-, -, -, 0x1685,GTBCS, -, -, -, -, -, -, -, -, -, -, -, -, -, -, -, -, -, -, -, -, -, -, -, -, -, -, -, -, -, -, -, -
09/05/2025,17:07:37,,,,0x1686,HBD
09/05/2025,17:08:01,AT+GTUDF=gv58cg,1,4,0000000000000004,30,00000,00000,0000010E,1,00000,00000,000,000,FFFF$
09/05/2025,17:08:01,,,,0x1687,ACK
09/05/2025,17:08:36,09/05/2025,20:08:37,8674886293973,0x1688,GTSTT,0x09fe7fbf,802003,0x0a04,0x0a14,0,12946,0000,0000,01,00,21,0,-,-,00,0.0,0000,0x0000,00000000,00000000,00000000000000,0724,0006,c4a7,07a71434,0x0.0,0x0.1,0x0:00:00,0x0:00:00,-,-,-,-, None
09/05/2025,17:08:41,09/05/2025,20:08:42,8674886293973,0x1689,GTSTT,0x09fe7fbf,802003,0x0a04,0x0a14,0,12946,0000,0000,01,00,22,0,-,-,00,0.0,0000,0x0000,00000000,00000000,00000000000000,0724,0006,c4a7,07a71434,0x0.0,0x0.1,0x0:00:00,0x0:00:00,-,-,-,-, None
09/05/2025,17:09:16,09/05/2025,20:09:17,8674886293973,0x168a,GTSTT,0x09fe7fbf,802003,0x0a04,0x0a14,0,12866,0000,0000,01,00,21,0,-,-,00,0.0,0000,0x0000,00000000,00000000,00000000000000,0724,0006,c4a7,07a71434,0x0.0,0x0.1,0x0:00:00,0x0:00:00,-,-,-,-, None
09/05/2025,17:09:35,09/05/2025,20:09:35,8674886293973,0x168b,GTSTT,0x09fe7fbf,802003,0x0a04,0x0a14,0,12886,0000,0000,01,00,22,0,-,-,00,0.0,0000,0x0000,00000000,00000000,00000000000000,0724,0006,c4a7,07a71434,0x0.0,0x0.1,0x0:00:00,0x0:00:00,-,-,-,-, None
09/05/2025,17:09:37,,,,0x168c,HBD
09/05/2025,17:09:43,AT+GTUDF=gv58cg,1,5,0001000004000000,0,00000,00000,00000020,1,00000,00000,000,000,FFFF$
09/05/2025,17:09:44,,,,0x168d,ACK
09/05/2025,17:10:09,09/05/2025,20:10:10,8674886293973,0x168e,GTSTT,0x09fe7fbf,802003,0x0a04,0x0a14,0,12943,0000,0000,01,00,21,0,-,-,00,0.0,0000,0x0000,00000000,00000000,00000000000000,0724,0006,c4a7,07a71434,0x0.0,0x0.1,0x0:00:00,0x0:00:00,-,-,-,-, None
09/05/2025,17:10:23,AT+GTUDF=gv58cg,1,6,0000000008000000,0,00000,00000,00000001,1,00000,00000,000,000,FFFF$
09/05/2025,17:10:24,,,,0x168f,ACK
09/05/2025,17:11:37,,,,0x1690,HBD
09/05/2025,17:11:59,AT+GTUDF=gv58cg,1,7,0000000008000000,
09/05/2025,17:11:59,10
09/05/2025,17:12:00,,00000,00000,00000200,1,00000,00000,000,000,FFFF$AT+GTUDF=gv58cg,1,7,0000000008000000,
09/05/2025,17:12:00,10
09/05/2025,17:12:08,09/05/2025,20:12:09,8674886293973,0x1691,GTSTT,0x09fe7fbf,802003,0x0a04,0x0a14,0,12896,0000,0000,01,00,22,0,-,-,00,0.0,0000,0x0000,00000000,00000000,00000000000000,0724,0006,c4a7,07a71434,0x0.0,0x0.1,0x0:00:00,0x0:00:00,-,-,-,-, None
09/05/2025,17:13:37,,,,0x1692,HBD
09/05/2025,17:14:09,09/05/2025,20:14:10,8674886293973,0x1693,GTSTT,0x09fe7fbf,802003,0x0a04,0x0a14,0,12891,0000,0000,01,00,21,0,-,-,00,0.0,0000,0x0000,00000000,00000000,00000000000000,0724,0006,c4a7,07a71434,0x0.0,0x0.1,0x0:00:00,0x0:00:00,-,-,-,-, None
09/05/2025,17:14:42,09/05/2025,20:14:42,8674886293973,0x1694,GTSTT,0x09fe7fbf,802003,0x0a04,0x0a14,0,12879,0000,0000,01,00,22,0,-,-,00,0.0,0000,0x0000,00000000,00000000,00000000000000,0724,0006,c4a7,07a71434,0x0.0,0x0.1,0x0:00:00,0x0:00:00,-,-,-,-, None
09/05/2025,17:15:24,AT+GTUDF=gv58cg,1,7,0000000008000000,10,00000,00000,00000200,1,00000,00000,000,000,FFFF$
09/05/2025,17:17:54,,,,0x1695,HBD
09/05/2025,17:17:55,01/01/2020,00:00:06,8674886293973,0x1696,GTPNR,0x09fe7fbf,802003,0x0a04,0x0a14,100,0,0000,0000,00,00,41,0,-,-,00,000000,0000,0x0000,00000000,00000000,00000000000000,0000,0000,0000,00000000,0x0.0,0x0.1,0x0:00:00,0x0:00:00,-,00, -,-
09/05/2025,17:17:55,01/01/2020,00:00:08,8674886293973,0x1697,GTIGN,0x09fe7fbf,802003,0x0a04,0x0a14,100,0,0000,0000,01,00,21,0,-,0,00,000000,0000,0x0000,00000000,00000000,00000000000000,0724,0006,c4a7,07a71434,0x0.0,0x0.1,0x0:00:00,0x0:00:00,-,-,-,-, None
09/05/2025,17:17:56,01/01/2020,00:00:08,8674886293973,0x1698,GTSTT,0x09fe7fbf,802003,0x0a04,0x0a14,100,0,0000,0000,01,00,21,0,-,-,00,0.0,0000,0x0000,00000000,00000000,00000000000000,0724,0006,c4a7,07a71434,0x0.0,0x0.1,0x0:00:00,0x0:00:00,-,-,-,-, None
09/05/2025,17:17:56,01/01/2020,00:00:09,8674886293973,0x1699,GTSTT,0x09fe7fbf,802003,0x0a04,0x0a14,100,0,0000,0000,01,00,22,0,-,-,00,0.0,0000,0x0000,00000000,00000000,00000000000000,0724,0006,c4a7,07a71434,0x0.0,0x0.1,0x0:00:00,0x0:00:00,-,-,-,-, None
09/05/2025,17:17:57,01/01/2020,00:00:09,8674886293973,0x169a,GTMPN,0x09fe7fbf,802003,0x0a04,0x0a14,100,12882,0000,0000,01,00,22,0,-,-,00,0.0,0000,0x0000,00000000,00000000,00000000000000,0724,0006,c4a7,07a71434,0x0.0,0x0.1,0x0:00:00,0x0:00:00,-,-,-,-, None
09/05/2025,17:17:58, AT+GTUDF=gv58cg,1,7,0000000008000000,10,00000,00000,00000200,1,00000,00000,000,000,FFFF$
09/05/2025,17:17:59,,,,0x169b,ACK
09/05/2025,17:18:08,-, -, -, 0x169c,GTBCS, -, -, -, -, -, -, -, -, -, -, -, -, -, -, -, -, -, -, -, -, -, -, -, -, -, -, -, -, -, -, -, -
09/05/2025,17:18:34,,,,0x169d,HBD
09/05/2025,17:18:41,09/05/2025,20:18:42,8674886293973,0x169e,GTSTT,0x09fe7fbf,802003,0x0a04,0x0a14,0,12910,0000,0000,01,00,21,0,-,-,00,0.0,0000,0x0000,00000000,00000000,00000000000000,0724,0006,c4a7,07a71434,0x0.0,0x0.1,0x0:00:00,0x0:00:00,-,-,-,-, None
09/05/2025,17:19:05,20/09/59653,19:06:22,8674886293973,0x169f,GTRTL,0x09fe3fbf,802003,0x0a04,0x0a14,0,12898,0000,0100,21,00,00,1,-,00,0.0,0000,0x0000,00000000,00000000,00000000000724,0006,c4a7,07a7,14340000,0x000000,0x0000010000,0x000000,0x000000000007,-,-,-,-,None
09/05/2025,17:19:05,20/09/59653,19:06:22,8674886293973,0x16a0,GTIGL,0x09fe3fbf,802003,0x0a04,0x0a14,0,12898,0000,0100,21,00,00,1,-,00,0.0,0000,0x0000,00000000,00000000,00000000000724,0006,c4a7,07a7,14340000,0x000000,0x0000010000,0x000000,0x000000000007,-,-,-,-,None
09/05/2025,17:20:10,09/05/2025,20:20:10,8674886293973,0x16a1,GTSTT,0x09fe7fbf,802003,0x0a04,0x0a14,0,12915,0000,0000,01,00,22,0,-,-,00,0.0,0000,0x0000,00000000,00000000,00000000000000,0724,0006,c4a7,07a71434,0x0.0,0x0.1,0x0:00:00,0x0:00:00,-,-,-,-, None
09/05/2025,17:20:34,,,,0x16a2,HBD
09/05/2025,17:21:20,09/05/2025,20:21:21,8674886293973,0x16a3,GTSTT,0x09fe7fbf,802003,0x0a04,0x0a14,0,12906,0000,0000,01,00,21,0,-,-,00,0.0,0000,0x0000,00000000,00000000,00000000000000,0724,0006,c4a7,07a71434,0x0.0,0x0.1,0x0:00:00,0x0:00:00,-,-,-,-, None
09/05/2025,17:21:31,AT+GTUDF=gv58cg,1,8,0000000004000000,0,00000,00000,00000004,1,00000,00000,000,000,FFFF$
09/05/2025,17:21:32,,,,0x16a4,ACK
09/05/2025,17:21:34,09/05/2025,20:21:35,8674886293973,0x16a5,GTSTT,0x09fe7fbf,802003,0x0a04,0x0a14,0,12906,0000,0000,01,00,22,0,-,-,00,0.0,0000,0x0000,00000000,00000000,00000000000000,0724,0006,c4a7,07a71434,0x0.0,0x0.1,0x0:00:00,0x0:00:00,-,-,-,-, None
09/05/2025,17:22:17,09/05/2025,20:22:18,8674886293973,0x16a6,GTSTT,0x09fe7fbf,802003,0x0a04,0x0a14,0,12915,0000,0000,01,00,21,0,-,-,00,0.0,0000,0x0000,00000000,00000000,00000000000000,0724,0006,c4a7,07a71434,0x0.0,0x0.1,0x0:00:00,0x0:00:00,-,-,-,-, None
09/05/2025,17:22:34,,,,0x16a7,HBD
09/05/2025,17:22:35,AT+GTCMD=gv58cg,1,0,AT+GTDOS=gv58cg,0,1,1,1,3,0,0,,3,0,5,,,,FFFF$,,,,,FFFF$
09/05/2025,17:22:35,,,,0x16a8,ACK
09/05/2025,17:22:55,AT+GTCMD=gv58cg,1,1,AT+GTACD=gv58cg,0,,,,,,,,,,FFFF$AT+GTIDA=gv58cg,0,,,,,,,,,,,,,,,,,,FFFF$,,,,,FFFF$
09/05/2025,17:22:59,09/05/2025,20:23:00,8674886293973,0x16a9,GTSTT,0x09fe7fbf,802003,0x0a04,0x0a14,0,12915,0000,0000,01,00,22,0,-,-,00,0.0,0000,0x0000,00000000,00000000,00000000000000,0724,0006,c4a7,07a71434,0x0.0,0x0.1,0x0:00:00,0x0:00:00,-,-,-,-, None
09/05/2025,17:23:00,,,,0x16aa,ACK
09/05/2025,17:23:01,AT+GTCMD=gv58cg,1,1,AT+GTACD=gv58cg,0,,,,,,,,,,FFFF$AT+GTIDA=gv58cg,0,,,,,,,,,,,,,,,,,,FFFF$,,,,,FFFF$
09/05/2025,17:23:04,
09/05/2025,17:23:06,AT+GTCMD=gv58cg,1,1,AT+GTACD=gv58cg,0,,,,,,,,,,FFFF$AT+GTIDA=gv58cg,0,,,,,,,,,,,,,,,,,,FFFF$,,,,,FFFF$
09/05/2025,17:23:06,,,,0x16ab,ACK
09/05/2025,17:23:11,,,,0x16ac,ACK
09/05/2025,17:23:34,09/05/2025,20:23:35,8674886293973,0x16ad,GTSTT,0x09fe7fbf,802003,0x0a04,0x0a14,0,12957,0000,0000,01,00,21,0,-,-,00,0.0,0000,0x0000,00000000,00000000,00000000000000,0724,0006,c4a7,07a71434,0x0.0,0x0.1,0x0:00:00,0x0:00:00,-,-,-,-, None
09/05/2025,17:24:19,AT+GTCMD=gv58cg,1,1,AT+GTACD=gv58cg,0,,,,,,,,,,FFFF$AT+GTIDA=gv58cg,0,,,,,,,,,,,,,,,,,,FFFF$,,,,,FFFF$
09/05/2025,17:24:27,
09/05/2025,17:24:31,AT+GTCMD=gv58cg,1,1,AT+GTACD=gv58cg,0,,,,,,,,,,FFFF$AT+GTIDA=gv58cg,0,,,,,,,,,,,,,,,,,,FFFF$,,,,,FFFF$AT+GTCMD=gv58cg,1,1,AT+GTACD=gv58cg,0,,,,,,,,,,FFFF$AT+GTIDA=gv58cg,0,,,,,,,,,,,,,,,,,,FFFF$,,,,,FFFF$
09/05/2025,17:24:31,,,,0x16ae,HBD
09/05/2025,17:24:31,09/05/2025,20:24:15,8674886293973,0x16af,GTPNR,0x09fe7fbf,802003,0x0a04,0x0a14,0,0,0000,0000,00,00,41,0,-,-,00,000000,0000,0x0000,00000000,00000000,00000000000000,0000,0000,0000,00000000,0x0.0,0x0.1,0x0:00:00,0x0:00:00,-,00, -,-
09/05/2025,17:24:32,09/05/2025,20:24:17,8674886293973,0x16b0,GTIGN,0x09fe7fbf,802003,0x0a04,0x0a14,0,0,0000,0000,01,00,21,0,-,4,00,000000,0000,0x0000,00000000,00000000,00000000000000,0724,0006,c4a7,07a71434,0x0.0,0x0.1,0x0:00:00,0x0:00:00,-,-,-,-, None
09/05/2025,17:24:32,AT+GTCMD=gv58cg,1,1,AT+GTACD=gv58cg,0,,,,,,,,,,FFFF$AT+GTIDA=gv58cg,0,,,,,,,,,,,,,,,,,,FFFF$,,,,,FFFF$
09/05/2025,17:24:33,09/05/2025,20:24:17,8674886293973,0x16b1,GTSTT,0x09fe7fbf,802003,0x0a04,0x0a14,0,0,0000,0000,01,00,21,0,-,-,00,0.0,0000,0x0000,00000000,00000000,00000000000000,0724,0006,c4a7,07a71434,0x0.0,0x0.1,0x0:00:00,0x0:00:00,-,-,-,-, None
09/05/2025,17:24:34,09/05/2025,20:24:18,8674886293973,0x16b2,GTMPN,0x09fe7fbf,802003,0x0a04,0x0a14,0,12975,0000,0000,01,00,21,0,-,-,00,0.0,0000,0x0000,00000000,00000000,00000000000000,0724,0006,c4a7,07a71434,0x0.0,0x0.1,0x0:00:00,0x0:00:00,-,-,-,-, None
09/05/2025,17:24:34,AT+GTCMD=gv58cg,1,1,AT+GTACD=gv58cg,0,,,,,,,,,,FFFF$AT+GTIDA=gv58cg,0,,,,,,,,,,,,,,,,,,FFFF$,,,,,FFFF$
09/05/2025,17:24:35,AT+GTCMD=gv58cg,1,1,AT+GTACD=gv58cg,0,,,,,,,,,,FFFF$AT+GTIDA=gv58cg,0,,,,,,,,,,,,,,,,,,FFFF$,,,,,FFFF$
09/05/2025,17:24:36,
09/05/2025,17:24:38,
09/05/2025,17:24:38,
09/05/2025,17:24:38,09/05/2025,20:24:22,8674886293973,0x16b3,GTSTT,0x09fe7fbf,802003,0x0a04,0x0a14,0,12886,0000,0000,01,00,22,0,-,-,00,0.0,0000,0x0000,00000000,00000000,00000000000000,0724,0006,c4a7,07a71434,0x0.0,0x0.1,0x0:00:00,0x0:00:00,-,-,-,-, None
09/05/2025,17:24:39,,,,0x16b4,ACK
09/05/2025,17:24:39,AT+GTCMD=gv58cg,1,1,AT+GTACD=gv58cg,0,,,,,,,,,,FFFF$AT+GTIDA=gv58cg,0,,,,,,,,,,,,,,,,,,FFFF$,,,,,FFFF$
09/05/2025,17:24:43,,,,0x16b5,ACK
09/05/2025,17:24:48,,,,0x16b6,ACK
09/05/2025,17:25:28,,,,0x16b0,HBD
09/05/2025,17:25:28,01/01/2020,00:00:07,8674886293973,0x16b1,GTPNR,0x09fe7fbf,802003,0x0a04,0x0a14,0,0,0000,0000,00,00,41,0,-,-,00,000000,0000,0x0000,00000000,00000000,00000000000000,0000,0000,0000,00000000,0x0.0,0x0.1,0x0:00:00,0x0:00:00,-,00, -,-
09/05/2025,17:25:29,01/01/2020,00:00:09,8674886293973,0x16b2,GTIGN,0x09fe7fbf,802003,0x0a04,0x0a14,0,0,0000,0000,01,00,21,0,-,0,00,000000,0000,0x0000,00000000,00000000,00000000000000,0724,0006,c4a7,07a71434,0x0.0,0x0.1,0x0:00:00,0x0:00:00,-,-,-,-, None
09/05/2025,17:25:29,01/01/2020,00:00:09,8674886293973,0x16b3,GTSTT,0x09fe7fbf,802003,0x0a04,0x0a14,0,0,0000,0000,01,00,21,0,-,-,00,0.0,0000,0x0000,00000000,00000000,00000000000000,0724,0006,c4a7,07a71434,0x0.0,0x0.1,0x0:00:00,0x0:00:00,-,-,-,-, None
09/05/2025,17:25:30,01/01/2020,00:00:10,8674886293973,0x16b4,GTMPN,0x09fe7fbf,802003,0x0a04,0x0a14,0,12898,0000,0000,01,00,21,0,-,-,00,0.0,0000,0x0000,00000000,00000000,00000000000000,0724,0006,c4a7,07a71434,0x0.0,0x0.1,0x0:00:00,0x0:00:00,-,-,-,-, None
09/05/2025,17:26:13,01/01/2020,00:00:52,8674886293973,0x16b5,GTSTT,0x09fe7fbf,802003,0x0a04,0x0a14,0,12881,0000,0000,01,00,22,0,-,-,00,0.0,0000,0x0000,00000000,00000000,00000000000000,0724,0006,c4a7,07a71434,0x0.0,0x0.1,0x0:00:00,0x0:00:00,-,-,-,-, None
09/05/2025,17:26:32,-, -, -, 0x16b6,GTBCS, -, -, -, -, -, -, -, -, -, -, -, -, -, -, -, -, -, -, -, -, -, -, -, -, -, -, -, -, -, -, -, -
09/05/2025,17:26:48,AT+GTCMD=gv58cg,1,1,AT+GTACD=gv58cg,0,,,,,,,,,,FFFF$AT+GTIDA=gv58cg,0,,,,,,,,,,,,,,,,,,FFFF$,,,,,FFFF$
09/05/2025,17:26:54,,,,0x16b7,ACK
09/05/2025,17:27:28,,,,0x16b8,HBD
09/05/2025,17:27:56,09/05/2025,20:27:56,8674886293973,0x16b9,GTSTT,0x09fe7fbf,802003,0x0a04,0x0a14,0,12889,0000,0000,01,00,21,0,-,-,00,0.0,0000,0x0000,00000000,00000000,00000000000000,0724,0006,c4a7,07a71434,0x0.0,0x0.1,0x0:00:00,0x0:00:00,-,-,-,-, None
09/05/2025,17:27:58,20/09/59653,27:58:22,8674886293973,0x16ba,GTRTL,0x09fe3fbf,802003,0x0a04,0x0a14,0,12965,0000,0100,21,00,00,1,-,00,0.0,0000,0x0000,00000000,00000000,00000000000724,0006,c4a7,07a7,14340000,0x000000,0x0000010000,0x000000,0x000000000007,-,-,-,-,None
09/05/2025,17:27:58,20/09/59653,27:58:22,8674886293973,0x16bb,GTIGL,0x09fe3fbf,802003,0x0a04,0x0a14,0,12965,0000,0100,21,00,00,1,-,00,0.0,0000,0x0000,00000000,00000000,00000000000724,0006,c4a7,07a7,14340000,0x000000,0x0000010000,0x000000,0x000000000007,-,-,-,-,None
09/05/2025,17:28:03,09/05/2025,20:28:03,8674886293973,0x16bc,GTSTT,0x09fe7fbf,802003,0x0a04,0x0a14,0,12949,0000,0000,01,00,22,0,-,-,00,0.0,0000,0x0000,00000000,00000000,00000000000000,0724,0006,c4a7,07a71434,0x0.0,0x0.1,0x0:00:00,0x0:00:00,-,-,-,-, None
09/05/2025,17:28:31,AT+GTCMD=gv58cg,1,1,AT+GTACD=gv58cg,0,,,,,,,,,,FFFF$AT+GTIDA=gv58cg,0,,,,,,,,,,,,,,,,,,FFFF$,,,,,FFFF$
09/05/2025,17:28:36,-, -, -, 0x16bd,GTBDS, -, -, -, -, -, -, -, -, -, -, -, -, -, -, -, -, -, -, -, -, -, -, -, -, -, -, -, -, -, -, -, -
09/05/2025,17:28:37,,,,0x16be,ACK
09/05/2025,17:29:02,-, -, -, 0x16bf,GTBCS, -, -, -, -, -, -, -, -, -, -, -, -, -, -, -, -, -, -, -, -, -, -, -, -, -, -, -, -, -, -, -, -
09/05/2025,17:29:28,,,,0x16c0,HBD
09/05/2025,17:29:42,AT+GTCMD=gv58cg,1,1,AT+GTACD=gv58cg,0,,,,,,,,,,FFFF$AT+GTIDA=gv58cg,0,,,,,,,,,,,,,,,,,,FFFF$,,,,,FFFF$
09/05/2025,17:29:47,,,,0x16c1,ACK
09/05/2025,17:30:45,09/05/2025,20:30:45,8674886293973,0x16c2,GTSTT,0x09fe7fbf,802003,0x0a04,0x0a14,0,12899,0000,0000,01,00,21,0,-,-,00,0.0,0000,0x0000,00000000,00000000,00000000000000,0724,0006,c4a7,07a71434,0x0.0,0x0.1,0x0:00:00,0x0:00:00,-,-,-,-, None
09/05/2025,17:31:28,,,,0x16c3,HBD
09/05/2025,17:31:49,AT+GTACD=gv58cg,0,,,,,,,,,,FFFF$
09/05/2025,17:31:49,,,,0x16c4,ACK
09/05/2025,17:31:59,09/05/2025,20:31:58,8674886293973,0x16c5,GTSTT,0x09fe7fbf,802003,0x0a04,0x0a14,0,12891,0000,0000,01,00,22,0,-,-,00,0.0,0000,0x0000,00000000,00000000,00000000000000,0724,0006,c4a7,07a71434,0x0.0,0x0.1,0x0:00:00,0x0:00:00,-,-,-,-, None
09/05/2025,17:32:28,AT+GTCMD=gv58cg,1,1,AT+GTACD=gv58cg,0,,,,,,,,,,FFFF$,,,,,FFFF$
09/05/2025,17:32:29,,,,0x16c6,ACK
09/05/2025,17:32:34,09/05/2025,20:32:33,8674886293973,0x16c7,GTSTT,0x09fe7fbf,802003,0x0a04,0x0a14,0,12964,0000,0000,01,00,21,0,-,-,00,0.0,0000,0x0000,00000000,00000000,00000000000000,0724,0006,c4a7,07a71434,0x0.0,0x0.1,0x0:00:00,0x0:00:00,-,-,-,-, None
09/05/2025,17:32:44, AT+GTCMD=gv58cg,1,2,AT+GTDOS=gv58cg,,1,1,0,0,0,0,,,,,,,,FFFF$,,,,,FFFF$
09/05/2025,17:32:44,,,,0x16c8,ACK
09/05/2025,17:32:48,09/05/2025,20:32:48,8674886293973,0x16c9,GTSTT,0x09fe7fbf,802003,0x0a04,0x0a14,0,12918,0000,0000,01,00,22,0,-,-,00,0.0,0000,0x0000,00000000,00000000,00000000000000,0724,0006,c4a7,07a71434,0x0.0,0x0.1,0x0:00:00,0x0:00:00,-,-,-,-, None
09/05/2025,17:33:28,,,,0x16ca,HBD
09/05/2025,17:33:53,09/05/2025,20:33:53,8674886293973,0x16cb,GTSTT,0x09fe7fbf,802003,0x0a04,0x0a14,0,12951,0000,0000,01,00,21,0,-,-,00,0.0,0000,0x0000,00000000,00000000,00000000000000,0724,0006,c4a7,07a71434,0x0.0,0x0.1,0x0:00:00,0x0:00:00,-,-,-,-, None
09/05/2025,17:34:44,09/05/2025,20:34:43,8674886293973,0x16cc,GTSTT,0x09fe7fbf,802003,0x0a04,0x0a14,0,12935,0000,0000,01,00,22,0,-,-,00,0.0,0000,0x0000,00000000,00000000,00000000000000,0724,0006,c4a7,07a71434,0x0.0,0x0.1,0x0:00:00,0x0:00:00,-,-,-,-, None
09/05/2025,17:35:07,AT+GTCMD=gv58cg,1,3,AT+GTDOS=gv58cg,,1,2,1,0,0,0,,,,,,,,FFFF$,,,,,FFFF$
09/05/2025,17:35:07,,,,0x16cd,ACK
09/05/2025,17:35:26,AT+GTCMD=gv58cg,1,4,AT+GTACD=gv58cg,1,,,,,,,,,,FFFF$AT+GTIDA=gv58cg,2,,,,,,,,,,,,,,,,,,FFFF$,,,,,FFFF$
09/05/2025,17:35:28,,,,0x16ce,HBD
09/05/2025,17:35:31,,,,0x16cf,ACK
09/05/2025,17:35:32,AT+GTCMD=gv58cg,1,4,AT+GTACD=gv58cg,1,,,,,,,,,,FFFF$AT+GTIDA=gv58cg,2,,,,,,,,,,,,,,,,,,FFFF$,,,,,FFFF$
09/05/2025,17:35:37,,,,0x16d0,ACK
09/05/2025,17:35:54,AT+GTCMD=gv58cg,1,4,AT+GTACD=gv58cg,1,,,,,,,,,,FFFF$AT+GTIDA=gv58cg,2,,,,,,,,,,,,,,,,,,FFFF$,,,,,FFFF$
09/05/2025,17:35:59,,,,0x16d1,ACK
