Data,Hora,Origem,Payload,,
25/03/2025,21:29:54,D,2b4556540c00fe7fbf006680200309020915564a5806025d6103352bf9000000000100220c010100000000000240fcf2e873fe9c1d5007e9031a00180007240006c4a707a6b01500000000000000020800000000000000000007e903191518011bef8bf80d0a,,
25/03/2025,21:29:54,S,+SACK:1bef$,,
25/03/2025,21:29:55,D,2b484244ef2280200309020915564a5806025d610307e90319151d071c303bad0d0a,,
25/03/2025,21:29:55,S,+SACK:GTHBD,8020030902,1c30$
25/03/2025,21:29:55,D,2b4253500700fe2fbf006380200309020915564a5806025d61032100000100220c1001010000000000023bfcf2e853fe9c1d3f07e9031a00000907240006c4a707a6b01500000000000000020800000000000000000007e9031915000b1ac88fc30d0a,,
25/03/2025,21:29:55,S,+SACK:1ac8$,,
25/03/2025,21:29:56,D,2b4253500700fe2fbf006380200309020915564a5806025d61032100000100220c1001010000000000023bfcf2e853fe9c1d3f07e9031a00000e07240006c4a707a6b01500000000000000020800000000000000000007e903191500101ac9b3f30d0a,,
25/03/2025,21:29:56,S,+SACK:1ac9$,,
25/03/2025,21:29:56,D,2b4253500700fe2fbf006380200309020915564a5806025d61032100000100220a1001010000000000023bfcf2e853fe9c1d3f07e9031a00001307240006c4a707a6b01500000000000000020800000000000000000007e903191500151acababd0d0a,,
25/03/2025,21:29:56,S,+SACK:1aca$,,
25/03/2025,21:29:57,D,2b4253500700fe2fbf006380200309020915564a5806025d61032100000100220b1001010000000119023bfcf2e853fe9c1d3f07e9031a00001807240006c4a707a6b01500000000000000020800000000000000000007e9031915001a1acbd28b0d0a,,
25/03/2025,21:29:57,S,+SACK:1acb$,,
25/03/2025,21:29:58,D,2b4253500700fe2fbf006380200309020915564a5806025d61032100000100220c1001010000000119023bfcf2e853fe9c1d3f07e9031a00001d07240006c4a707a6b01500000000000000020800000000000000000007e9031915001f1acc74fc0d0a,,
25/03/2025,21:29:58,S,+SACK:1acc$,,
25/03/2025,21:29:58,D,2b4253500700fe2fbf006380200309020915564a5806025d61032100000100220c1001010000000119023bfcf2e853fe9c1d3f07e9031a00002207240006c4a707a6b01500000000000000020800000000000000000007e903191500241acd72960d0a,,
25/03/2025,21:29:58,S,+SACK:1acd$,,
25/03/2025,21:29:59,D,2b4253500700fe2fbf006380200309020915564a5806025d61032100000100210c1001010000000119023bfcf2e853fe9c1d3f07e9031a00002707240006c4a707a6b01500000000000000020800000000000000000007e903191500291ace34e70d0a,,
25/03/2025,21:29:59,S,+SACK:1ace$,,
25/03/2025,21:29:59,D,2b4253500700fe2fbf006380200309020915564a5806025d61032100000100210b1001010000000119023bfcf2e853fe9c1d3f07e9031a00002c07240006c4a707a6b01500000000000000020800000000000000000007e9031915002e1acfb3110d0a,,
25/03/2025,21:29:59,S,+SACK:1acf$,,
25/03/2025,21:30:00,D,2b4253500700fe2fbf006380200309020915564a5806025d61032100000100210c1001010000000119023bfcf2e853fe9c1d3f07e9031a00003107240006c4a707a6b01500000000000000020800000000000000000007e903191500331ad090dc0d0a,,
25/03/2025,21:30:00,S,+SACK:1ad0$,,
25/03/2025,21:30:01,D,2b4253500700fe2fbf006380200309020915564a5806025d61032100000100210c1001010000000119023bfcf2e853fe9c1d3f07e9031a00003607240006c4a707a6b01500000000000000020800000000000000000007e903191500381ad1ef8f0d0a,,
25/03/2025,21:30:01,S,+SACK:1ad1$,,
25/03/2025,21:30:01,D,2b4253500700fe2fbf006380200309020915564a5806025d61032100000100210c1001010000000119023bfcf2e853fe9c1d3f07e9031a00003b07240006c4a707a6b01500000000000000020800000000000000000007e903191501011ad2e0c70d0a,,
25/03/2025,21:30:01,S,+SACK:1ad2$,,
25/03/2025,21:30:02,D,2b4253500700fe2fbf006380200309020915564a5806025d61032100000100210b1001010000000119023bfcf2e853fe9c1d3f07e9031a00010407240006c4a707a6b01500000000000000020800000000000000000007e903191501061ad30b370d0a,,
25/03/2025,21:30:02,S,+SACK:1ad3$,,
25/03/2025,21:30:03,D,2b4253500700fe2fbf006380200309020915564a5806025d61032200000100210a1001010000000119023bfcf2e853fe9c1d3f07e9031a00010907240006c4a707a6b01500000000000000020800000000000000000007e9031915010b1ad498fd0d0a,,
25/03/2025,21:30:03,S,+SACK:1ad4$,,
25/03/2025,21:30:03,D,2b4253500700fe2fbf006380200309020915564a5806025d61032200000100210b1001010000000119023bfcf2e853fe9c1d3f07e9031a00010e07240006c4a707a6b01500000000000000020800000000000000000007e903191501101ad5b7310d0a,,
25/03/2025,21:30:03,S,+SACK:1ad5$,,
25/03/2025,21:30:04,D,2b4253500700fe2fbf006380200309020915564a5806025d61032200000100210c1001010000000119023bfcf2e853fe9c1d3f07e9031a00011307240006c4a707a6b01500000000000000020800000000000000000007e903191501151ad6ad830d0a,,
25/03/2025,21:30:04,S,+SACK:1ad6$,,
25/03/2025,21:30:05,D,2b4253500700fe2fbf006380200309020915564a5806025d61032200000100210c1001010000000119023bfcf2e853fe9c1d3f07e9031a00011807240006c4a707a6b01500000000000000020800000000000000000007e9031915011a1ad7f8200d0a,,
25/03/2025,21:30:05,S,+SACK:1ad7$,,
25/03/2025,21:30:06,D,2b4253500700fe2fbf006380200309020915564a5806025d61032200000100210c1001010000000119023bfcf2e853fe9c1d3f07e9031a00011d07240006c4a707a6b01500000000000000020800000000000000000007e9031915011f1ad8a4ab0d0a,,
25/03/2025,21:30:06,S,+SACK:1ad8$,,
25/03/2025,21:30:06,D,2b4253500700fe2fbf006380200309020915564a5806025d61032200000100210c1001010000000119023bfcf2e853fe9c1d3f07e9031a00012207240006c4a707a6b01500000000000000020800000000000000000007e903191501241ada92a20d0a,,
25/03/2025,21:30:06,S,+SACK:1ada$,,
25/03/2025,21:30:07,D,2b4253500700fe2fbf006380200309020915564a5806025d61032200000100210c1001010000000119023bfcf2e853fe9c1d3f07e9031a00012707240006c4a707a6b01500000000000000020800000000000000000007e903191501291adb86460d0a,,
25/03/2025,21:30:07,S,+SACK:1adb$,,
25/03/2025,21:30:07,D,2b4253500700fe2fbf006380200309020915564a5806025d61032200000100210c1001010000000119023bfcf2e853fe9c1d3f07e9031a00012c07240006c4a707a6b01500000000000000020800000000000000000007e9031915012e1adc1a820d0a,,
25/03/2025,21:30:07,S,+SACK:1adc$,,
25/03/2025,21:30:08,D,2b4253500700fe2fbf006380200309020915564a5806025d6103220000010021091001010000000119023bfcf2e853fe9c1d3f07e9031a00013107240006c4a707a6b01500000000000000020800000000000000000007e903191501331added480d0a,,
25/03/2025,21:30:08,S,+SACK:1add$,,
25/03/2025,21:30:09,D,2b4253500700fe2fbf006380200309020915564a5806025d61032200000100220c1001010000000119023bfcf2e853fe9c1d3f07e9031a00013607240006c4a707a6b01500000000000000020800000000000000000007e903191501381ade9c820d0a,,
25/03/2025,21:30:09,S,+SACK:1ade$,,
25/03/2025,21:30:09,D,2b4253500700fe2fbf006380200309020915564a5806025d61032200000100220c1001010000000119023bfcf2e853fe9c1d3f07e9031a00013b07240006c4a707a6b01500000000000000020800000000000000000007e903191502011adf5ee00d0a,,
25/03/2025,21:30:09,S,+SACK:1adf$,,
25/03/2025,21:30:10,D,2b4253500700fe2fbf006380200309020915564a5806025d61032300000100220c1001010000000119023bfcf2e853fe9c1d3f07e9031a00020407240006c4a707a6b01500000000000000020800000000000000000007e903191502061ae034340d0a,,
25/03/2025,21:30:10,S,+SACK:1ae0$,,
25/03/2025,21:30:10,D,2b4253500700fe2fbf006380200309020915564a5806025d61032300000100220c1001010000000119023bfcf2e853fe9c1d3f07e9031a00020907240006c4a707a6b01500000000000000020800000000000000000007e9031915020b1ae174ef0d0a,,
25/03/2025,21:30:10,S,+SACK:1ae1$,,
25/03/2025,21:30:11,D,2b4253500700fe2fbf006380200309020915564a5806025d61032300000100220c1001010000000119023bfcf2e853fe9c1d3f07e9031a00020e07240006c4a707a6b01500000000000000020800000000000000000007e903191502101ae2689d0d0a,,
25/03/2025,21:30:11,S,+SACK:1ae2$,,
25/03/2025,21:30:11,D,2b4253500700fe2fbf006380200309020915564a5806025d61032300000100220c1001010000000119023bfcf2e853fe9c1d3f07e9031a00021307240006c4a707a6b01500000000000000020800000000000000000007e903191502151ae329990d0a,,
25/03/2025,21:30:12,S,+SACK:1ae3$,,
25/03/2025,21:30:12,D,2b4253500700fe2fbf006380200309020915564a5806025d61032300000100220c1001010000000119023bfcf2e853fe9c1d3f07e9031a00021807240006c4a707a6b01500000000000000020800000000000000000007e9031915021a1ae41cfc0d0a,,
25/03/2025,21:30:12,S,+SACK:1ae4$,,
25/03/2025,21:30:13,D,2b4253500700fe2fbf006380200309020915564a5806025d61032300000100210c1001010000000119023bfcf2e853fe9c1d3f07e9031a00021d07240006c4a707a6b01500000000000000020800000000000000000007e9031915021f1ae5d36e0d0a,,
25/03/2025,21:30:13,S,+SACK:1ae5$,,
25/03/2025,21:30:14,D,2b4253500700fe2fbf006380200309020915564a5806025d61032300000100210c1001010000000119023bfcf2e853fe9c1d3f07e9031a00022207240006c4a707a6b01500000000000000020800000000000000000007e903191502241ae6f5460d0a,,
25/03/2025,21:30:14,S,+SACK:1ae6$,,
25/03/2025,21:30:14,D,2b4253500700fe2fbf006380200309020915564a5806025d61032300000100210a1001010000000119023bfcf2e853fe9c1d3f07e9031a00022707240006c4a707a6b01500000000000000020800000000000000000007e903191502291ae789aa0d0a,,
25/03/2025,21:30:14,S,+SACK:1ae7$,,
25/03/2025,21:30:14,D,2b4253500700fe2fbf006380200309020915564a5806025d61032300000100210c1001010000000119023bfcf2e853fe9c1d3f07e9031a00022c07240006c4a707a6b01500000000000000020800000000000000000007e9031915022e1ae8fc6e0d0a,,
25/03/2025,21:30:14,S,+SACK:1ae8$,,
25/03/2025,21:30:15,D,2b4253500700fe2fbf006380200309020915564a5806025d61032300000100210c1001010000000119023bfcf2e853fe9c1d3f07e9031a00023107240006c4a707a6b01500000000000000020800000000000000000007e903191502331ae957a80d0a,,
25/03/2025,21:30:15,S,+SACK:1ae9$,,
25/03/2025,21:30:15,D,2b4253500700fe2fbf006380200309020915564a5806025d61032300000100210c1001010000000119023bfcf2e853fe9c1d3f07e9031a00023607240006c4a707a6b01500000000000000020800000000000000000007e903191502381aea08b90d0a,,
25/03/2025,21:30:15,S,+SACK:1aea$,,
25/03/2025,21:30:16,D,2b4253500700fe2fbf006380200309020915564a5806025d61032300000100210c1001010000000119023bfcf2e853fe9c1d3f07e9031a00023b07240006c4a707a6b01500000000000000020800000000000000000007e903191503011aeb27b30d0a,,
25/03/2025,21:30:16,S,+SACK:1aeb$,,
25/03/2025,21:30:16,D,2b4253500700fe2fbf006380200309020915564a5806025d61032400000100210c1001010000000119023bfcf2e853fe9c1d3f07e9031a00030407240006c4a707a6b01500000000000000020800000000000000000007e903191503061aece71f0d0a,,
25/03/2025,21:30:16,S,+SACK:1aec$,,
25/03/2025,21:30:17,D,2b4253500700fe2fbf006380200309020915564a5806025d61032400000100210c1001010000000119023bfcf2e853fe9c1d3f07e9031a00030907240006c4a707a6b01500000000000000020800000000000000000007e9031915030b1aeda7c40d0a,,
25/03/2025,21:30:17,S,+SACK:1aed$,,
25/03/2025,21:30:18,D,2b4253500700fe2fbf006380200309020915564a5806025d61032400000100210c1001010000000119023bfcf2e853fe9c1d3f07e9031a00030e07240006c4a707a6b01500000000000000020800000000000000000007e903191503101aeebbb60d0a,,
25/03/2025,21:30:18,S,+SACK:1aee$,,
25/03/2025,21:30:18,D,2b4253500700fe2fbf006380200309020915564a5806025d61032400000100210c1001010000000119023bfcf2e853fe9c1d3f07e9031a00031307240006c4a707a6b01500000000000000020800000000000000000007e903191503151aeffab20d0a,,
25/03/2025,21:30:18,S,+SACK:1aef$,,
25/03/2025,21:30:19,D,2b4253500700fe2fbf006380200309020915564a5806025d61032400000100220c1001010000000119023bfcf2e853fe9c1d3f07e9031a00031807240006c4a707a6b01500000000000000020800000000000000000007e9031915031a1af02e390d0a,,
25/03/2025,21:30:19,S,+SACK:1af0$,,
25/03/2025,21:30:19,D,2b4253500700fe2fbf006380200309020915564a5806025d61032400000100220c1001010000000119023bfcf2e853fe9c1d3f07e9031a00031d07240006c4a707a6b01500000000000000020800000000000000000007e9031915031f1af1937c0d0a,,
25/03/2025,21:30:19,S,+SACK:1af1$,,
25/03/2025,21:30:20,D,2b4253500700fe2fbf006380200309020915564a5806025d61032400000100220c1001010000000119023bfcf2e853fe9c1d3f07e9031a00032207240006c4a707a6b01500000000000000020800000000000000000007e903191503241af2b5540d0a,,
25/03/2025,21:30:20,S,+SACK:1af2$,,
25/03/2025,21:30:20,D,2b4253500700fe2fbf006380200309020915564a5806025d61032400000100220c1001010000000119023bfcf2e853fe9c1d3f07e9031a00032707240006c4a707a6b01500000000000000020800000000000000000007e903191503291af3a1b00d0a,,
25/03/2025,21:30:20,S,+SACK:1af3$,,
25/03/2025,21:30:21,D,2b4253500700fe2fbf006380200309020915564a5806025d61032400000100220c1001010000000119023bfcf2e853fe9c1d3f07e9031a00032c07240006c4a707a6b01500000000000000020800000000000000000007e9031915032e1af43d740d0a,,
25/03/2025,21:30:21,S,+SACK:1af4$,,
25/03/2025,21:30:21,D,2b4253500700fe2fbf006380200309020915564a5806025d61032400000100220c1001010000000119023bfcf2e853fe9c1d3f07e9031a00033107240006c4a707a6b01500000000000000020800000000000000000007e903191503331af596b20d0a,,
25/03/2025,21:30:21,S,+SACK:1af5$,,
25/03/2025,21:30:22,D,2b4253500700fe2fbf006380200309020915564a5806025d61032400000100220c1001010000000119023bfcf2e853fe9c1d3f07e9031a00033607240006c4a707a6b01500000000000000020800000000000000000007e903191503381af6c9a30d0a,,
25/03/2025,21:30:22,S,+SACK:1af6$,,
25/03/2025,21:30:22,D,2b4253500700fe2fbf006380200309020915564a5806025d61032400000100210c1001010000000119023bfcf2e853fe9c1d3f07e9031a00033b07240006c4a707a6b01500000000000000020800000000000000000007e903191504011af7b3e70d0a,,
25/03/2025,21:30:22,S,+SACK:1af7$,,
25/03/2025,21:30:23,D,2b4253500700fe2fbf006380200309020915564a5806025d61032400000100220c1001010000000119023bfcf2e853fe9c1d3f07e9031a00040407240006c4a707a6b01500000000000000020800000000000000000007e903191504061af867060d0a,,
25/03/2025,21:30:23,S,+SACK:1af8$,,
25/03/2025,21:30:23,D,2b4253500700fe2fbf006380200309020915564a5806025d61032500000100220c1001010000000119023bfcf2e853fe9c1d3f07e9031a00040907240006c4a707a6b01500000000000000020800000000000000000007e9031915040b1af947c40d0a,,
25/03/2025,21:30:23,S,+SACK:1af9$,,
25/03/2025,21:30:24,D,2b4253500700fe2fbf006380200309020915564a5806025d61032500000100220b1001010000000119023bfcf2e853fe9c1d3f07e9031a00040e07240006c4a707a6b01500000000000000020800000000000000000007e903191504101afa20420d0a,,
25/03/2025,21:30:24,S,+SACK:1afa$,,
25/03/2025,21:30:24,D,2b4253500700fe2fbf006380200309020915564a5806025d61032500000100220c1001010000000119023bfcf2e853fe9c1d3f07e9031a00041307240006c4a707a6b01500000000000000020800000000000000000007e903191504151afb1ab20d0a,,
25/03/2025,21:30:24,S,+SACK:1afb$,,
25/03/2025,21:30:25,D,2b4253500700fe2fbf006380200309020915564a5806025d61032500000100220c1001010000000119023bfcf2e853fe9c1d3f07e9031a00041807240006c4a707a6b01500000000000000020800000000000000000007e9031915041a1afd3ff60d0a,,
25/03/2025,21:30:25,S,+SACK:1afd$,,
25/03/2025,21:30:25,D,2b4253500700fe2fbf006380200309020915564a5806025d61032500000100220c1001010000000119023bfcf2e853fe9c1d3f07e9031a00041d07240006c4a707a6b01500000000000000020800000000000000000007e9031915041f1afea2f10d0a,,
25/03/2025,21:30:25,S,+SACK:1afe$,,
25/03/2025,21:30:26,D,2b4253500700fe2fbf006380200309020915564a5806025d61032500000100220c1001010000000119023bfcf2e853fe9c1d3f07e9031a00042207240006c4a707a6b01500000000000000020800000000000000000007e903191504241affa49b0d0a,,
25/03/2025,21:30:26,S,+SACK:1aff$,,
25/03/2025,21:30:26,D,2b4256543500fe7fbf008380200309020915564a5806025d6103252be3000000000100210c0d0347563538434725494d454900780541296d6300004cb04ad2cb920001010000000119023bfcf2e853fe9c1d3f07e9031a00042807240006c4a707a6b01500000000000000020800000000000000000007e903191504291b00c7d90d0a,,
25/03/2025,21:30:26,S,+SACK:1b00$,,
25/03/2025,21:30:27,D,2b4253500700fe2fbf006380200309020915564a5806025d61032500000100210c1001010000000119023bfcf2e853fe9c1d3f07e9031a00042707240006c4a707a6b01500000000000000020800000000000000000007e903191504291b01ef690d0a,,
25/03/2025,21:30:27,S,+SACK:1b01$,,
25/03/2025,21:30:27,D,2b4253500700fe2fbf006380200309020915564a5806025d61032500000100220c1001010000000119023bfcf2e853fe9c1d3f07e9031a00042c07240006c4a707a6b01500000000000000020800000000000000000007e9031915042e1b0241fe0d0a,,
25/03/2025,21:30:27,S,+SACK:1b02$,,
25/03/2025,21:30:28,D,2b4253500700fe2fbf006380200309020915564a5806025d61032500000100220c1001010000000119023bfcf2e853fe9c1d3f07e9031a00043107240006c4a707a6b01500000000000000020800000000000000000007e903191504331b03ea380d0a,,
25/03/2025,21:30:28,S,+SACK:1b03$,,
25/03/2025,21:30:30,D,2b4253500700fe2fbf006380200309020915564a5806025d61032500000100220c1001010000000119023bfcf2e853fe9c1d3f07e9031a00043607240006c4a707a6b01500000000000000020800000000000000000007e903191504381b04f5ad0d0a,,
25/03/2025,21:30:30,S,+SACK:1b04$,,
25/03/2025,21:30:30,D,2b4253500700fe2fbf006380200309020915564a5806025d61032500000100220c1001010000000119023bfcf2e853fe9c1d3f07e9031a00043b07240006c4a707a6b01500000000000000020800000000000000000007e903191505011b05daa70d0a,,
25/03/2025,21:30:30,S,+SACK:1b05$,,
25/03/2025,21:30:31,D,2b4253500700fe2fbf006380200309020915564a5806025d61032500000100220c1001010000000119023bfcf2e853fe9c1d3f07e9031a00050407240006c4a707a6b01500000000000000020800000000000000000007e903191505071b065dd10d0a,,
25/03/2025,21:30:31,S,+SACK:1b06$,,
25/03/2025,21:30:31,D,2b4253500700fe2fbf006380200309020915564a5806025d61032600000100220c1001010000000119023bfcf2e853fe9c1d3f07e9031a00050907240006c4a707a6b01500000000000000020800000000000000000007e9031915050b1b078a110d0a,,
25/03/2025,21:30:31,S,+SACK:1b07$,,
25/03/2025,21:30:32,D,2b4253500700fe2fbf006380200309020915564a5806025d61032600000100220c1001010000000119023bfcf2e853fe9c1d3f07e9031a00050e07240006c4a707a6b01500000000000000020800000000000000000007e903191505101b0857ef0d0a,,
25/03/2025,21:30:32,S,+SACK:1b08$,,
25/03/2025,21:30:32,D,2b4253500700fe2fbf006380200309020915564a5806025d61032600000100220c1001010000000119023bfcf2e853fe9c1d3f07e9031a00051307240006c4a707a6b01500000000000000020800000000000000000007e903191505151b0916eb0d0a,,
25/03/2025,21:30:32,S,+SACK:1b09$,,
25/03/2025,21:30:32,D,2b4253500700fe2fbf006380200309020915564a5806025d61032600000100220c1001010000000119023bfcf2e861fe9c1d4e07e9031a00051807240006c4a707a6b01500000000000000020800000000000000000007e9031915051a1b0abe0d0d0a,,
25/03/2025,21:30:32,S,+SACK:1b0a$,,
25/03/2025,21:30:33,D,2b4253500700fe2fbf006380200309020915564a5806025d61032600000100220c1001010000000119023bfcf2e861fe9c1d4e07e9031a00051d07240006c4a707a6b01500000000000000020800000000000000000007e9031915051f1b0b03480d0a,,
25/03/2025,21:30:33,S,+SACK:1b0b$,,
25/03/2025,21:30:34,D,2b4253500700fe2fbf006380200309020915564a5806025d61032600000100220c1001010000000119023bfcf2e861fe9c1d4e07e9031a00052207240006c4a707a6b01500000000000000020800000000000000000007e903191505241b0c65e40d0a,,
25/03/2025,21:30:34,S,+SACK:1b0c$,,
25/03/2025,21:30:34,D,2b4253500700fe2fbf006380200309020915564a5806025d61032600000100220c1001010000000119023bfcf2e861fe9c1d4e07e9031a00052707240006c4a707a6b01500000000000000020800000000000000000007e903191505291b0d71000d0a,,
25/03/2025,21:30:34,S,+SACK:1b0d$,,
25/03/2025,21:30:35,D,2b4253500700fe2fbf006380200309020915564a5806025d61032600000100220c1001010000000119023bfcf2e861fe9c1d4e07e9031a00052c07240006c4a707a6b01500000000000000020800000000000000000007e9031915052e1b0ead400d0a,,
25/03/2025,21:30:35,S,+SACK:1b0e$,,
25/03/2025,21:30:35,D,2b4253500700fe2fbf006380200309020915564a5806025d61032600000100220c1001010000000119023bfcf2e861fe9c1d4e07e9031a00053107240006c4a707a6b01500000000000000020800000000000000000007e903191505331b0f06860d0a,,
25/03/2025,21:30:35,S,+SACK:1b0f$,,
25/03/2025,21:30:36,D,2b4253500700fe2fbf006380200309020915564a5806025d61032600000100220c1001010000000119023bfcf2e861fe9c1d4e07e9031a00053607240006c4a707a6b01500000000000000020800000000000000000007e903191505381b108a2a0d0a,,
25/03/2025,21:30:36,S,+SACK:1b10$,,
25/03/2025,21:30:36,D,2b4253500700fe2fbf006380200309020915564a5806025d61032600000100220c1001010000000119023bfcf2e861fe9c1d4e07e9031a00053b07240006c4a707a6b01500000000000000020800000000000000000007e903191506011b1148480d0a,,
25/03/2025,21:30:36,S,+SACK:1b11$,,
25/03/2025,21:30:37,D,2b4253500700fe2fbf006380200309020915564a5806025d61032600000100220c1001010000000119023bfcf2e861fe9c1d4e07e9031a00060407240006c4a707a6b01500000000000000020800000000000000000007e903191506061b12b55a0d0a,,
25/03/2025,21:30:37,S,+SACK:1b12$,,
25/03/2025,21:30:37,D,2b4253500700fe2fbf006380200309020915564a5806025d61032700000100220c1001010000000119023bfcf2e861fe9c1d4e07e9031a00060907240006c4a707a6b01500000000000000020800000000000000000007e9031915060b1b1395980d0a,,
25/03/2025,21:30:37,S,+SACK:1b13$,,
25/03/2025,21:30:38,D,2b4253500700fe2fbf006380200309020915564a5806025d61032700000100220c1001010000000119023bfcf2e861fe9c1d4e07e9031a00060e07240006c4a707a6b01500000000000000020800000000000000000007e903191506101b14c96e0d0a,,
25/03/2025,21:30:38,S,+SACK:1b14$,,
25/03/2025,21:30:38,D,2b4253500700fe2fbf006380200309020915564a5806025d61032700000100220c1001010000000119023bfcf2e861fe9c1d4e07e9031a00061307240006c4a707a6b01500000000000000020800000000000000000007e903191506151b15886a0d0a,,
25/03/2025,21:30:38,S,+SACK:1b15$,,
25/03/2025,21:30:39,D,2b4253500700fe2fbf006380200309020915564a5806025d61032700000100220c1001010000000119023bfcf2e861fe9c1d4e07e9031a00061807240006c4a707a6b01500000000000000020800000000000000000007e9031915061a1b16fd8b0d0a,,
25/03/2025,21:30:39,S,+SACK:1b16$,,
25/03/2025,21:30:39,D,2b4253500700fe2fbf006380200309020915564a5806025d61032700000100220c1001010000000119023bfcf2e861fe9c1d4e07e9031a00061d07240006c4a707a6b01500000000000000020800000000000000000007e9031915061f1b1740ce0d0a,,
25/03/2025,21:30:39,S,+SACK:1b17$,,
25/03/2025,21:30:40,D,2b4253500700fe2fbf006380200309020915564a5806025d61032700000100220c1001010000000119023bfcf2e861fe9c1d4e07e9031a00062207240006c4a707a6b01500000000000000020800000000000000000007e903191506241b18a76a0d0a,,
25/03/2025,21:30:40,S,+SACK:1b18$,,
25/03/2025,21:30:40,D,2b4253500700fe2fbf006380200309020915564a5806025d61032700000100220c1001010000000119023bfcf2e861fe9c1d4e07e9031a00062707240006c4a707a6b01500000000000000020800000000000000000007e903191506291b19b38e0d0a,,
25/03/2025,21:30:40,S,+SACK:1b19$,,
25/03/2025,21:30:40,D,2b4253500700fe2fbf006380200309020915564a5806025d61032700000100220b1001010000000119023bfcf2e861fe9c1d4e07e9031a00062c07240006c4a707a6b01500000000000000020800000000000000000007e9031915062e1b1a143a0d0a,,
25/03/2025,21:30:41,S,+SACK:1b1a$,,
25/03/2025,21:30:41,D,2b4253500700fe2fbf006380200309020915564a5806025d61032700000100220b1001010000000119023bfcf2e861fe9c1d4e07e9031a00063107240006c4a707a6b01500000000000000020800000000000000000007e903191506331b1bbffc0d0a,,
25/03/2025,21:30:41,S,+SACK:1b1b$,,
25/03/2025,21:30:42,D,2b4253500700fe2fbf006380200309020915564a5806025d61032700000100220b1001010000000119023bfcf2e861fe9c1d4e07e9031a00063607240006c4a707a6b01500000000000000020800000000000000000007e903191506381b1ca0690d0a,,
25/03/2025,21:30:42,S,+SACK:1b1c$,,
25/03/2025,21:30:42,D,2b4253500700fe2fbf006380200309020915564a5806025d61032800000100220a1001010000000119023bfcf2e861fe9c1d4e07e9031a00063b07240006c4a707a6b01500000000000000020800000000000000000007e903191507011b1d9c5a0d0a,,
25/03/2025,21:30:42,S,+SACK:1b1d$,,
25/03/2025,21:30:43,D,2b4253500700fe2fbf006380200309020915564a5806025d61032800000100220c1001010000000119023bfcf2e861fe9c1d4e07e9031a00070407240006c4a707a6b01500000000000000020800000000000000000007e903191507061b1e44140d0a,,
25/03/2025,21:30:43,S,+SACK:1b1e$,,
25/03/2025,21:30:43,D,2b4253500700fe2fbf006380200309020915564a5806025d61032800000100220c1001010000000119023bfcf2e861fe9c1d4e07e9031a00070907240006c4a707a6b01500000000000000020800000000000000000007e9031915070b1b1f04cf0d0a,,
25/03/2025,21:30:43,S,+SACK:1b1f$,,
25/03/2025,21:30:44,D,2b4253500700fe2fbf006380200309020915564a5806025d61032800000100220c1001010000000119023bfcf2e861fe9c1d4e07e9031a00070e07240006c4a707a6b01500000000000000020800000000000000000007e903191507101b20ef620d0a,,
25/03/2025,21:30:44,S,+SACK:1b20$,,
25/03/2025,21:30:44,D,2b4253500700fe2fbf006380200309020915564a5806025d61032800000100220c1001010000000119023bfcf2e861fe9c1d4e07e9031a00071307240006c4a707a6b01500000000000000020800000000000000000007e903191507151b21ae660d0a,,
25/03/2025,21:30:44,S,+SACK:1b21$,,
25/03/2025,21:30:45,D,2b4253500700fe2fbf006380200309020915564a5806025d61032800000100220c1001010000000119023bfcf2e861fe9c1d4e07e9031a00071807240006c4a707a6b01500000000000000020800000000000000000007e9031915071a1b22db870d0a,,
25/03/2025,21:30:45,S,+SACK:1b22$,,
25/03/2025,21:30:45,D,2b4253500700fe2fbf006380200309020915564a5806025d61032800000100220c1001010000000119023bfcf2e861fe9c1d4e07e9031a00071d07240006c4a707a6b01500000000000000020800000000000000000007e9031915071f1b2366c20d0a,,
25/03/2025,21:30:45,S,+SACK:1b23$,,
25/03/2025,21:30:46,D,2b4253500700fe2fbf006380200309020915564a5806025d61032800000100220c1001010000000119023bfcf2e861fe9c1d4e07e9031a00072207240006c4a707a6b01500000000000000020800000000000000000007e903191507241b24006e0d0a,,
25/03/2025,21:30:46,S,+SACK:1b24$,,
25/03/2025,21:30:46,D,2b4253500700fe2fbf006380200309020915564a5806025d61032800000100220c1001010000000000023bfcf2e861fe9c1d4e07e9031a00072707240006c4a707a6b01500000000000000020800000000000000000007e903191507291b253ae30d0a,,
25/03/2025,21:30:46,S,+SACK:1b25$,,
25/03/2025,21:30:47,D,2b4253500700fe2fbf006380200309020915564a5806025d61032800000100220c1001010000000000023bfcf2e861fe9c1d4e07e9031a00072c07240006c4a707a6b01500000000000000020800000000000000000007e9031915072e1b26e6a30d0a,,
25/03/2025,21:30:47,S,+SACK:1b26$,,
25/03/2025,21:30:47,D,2b4253500700fe2fbf006380200309020915564a5806025d61032800000100210c1001010000000000023bfcf2e861fe9c1d4e07e9031a00073107240006c4a707a6b01500000000000000020800000000000000000007e903191507331b273fb20d0a,,
25/03/2025,21:30:47,S,+SACK:1b27$,,
25/03/2025,21:30:48,D,2b4253500700fe2fbf006380200309020915564a5806025d61032800000100210c1001010000000000023bfcf2e861fe9c1d4e07e9031a00073607240006c4a707a6b01500000000000000020800000000000000000007e903191507381b28a12f0d0a,,
25/03/2025,21:30:48,S,+SACK:1b28$,,
25/03/2025,21:30:48,D,2b4253500700fe2fbf006380200309020915564a5806025d61032900000100210c1001010000000000023bfcf2e861fe9c1d4e07e9031a00073b07240006c4a707a6b01500000000000000020800000000000000000007e903191508011b294c660d0a,,
25/03/2025,21:30:48,S,+SACK:1b29$,,
25/03/2025,21:30:49,D,2b4253500700fe2fbf006380200309020915564a5806025d61032900000100220c1001010000000000023bfcf2e861fe9c1d4e07e9031a00080407240006c4a707a6b01500000000000000020800000000000000000007e903191508061b2a7c7a0d0a,,
25/03/2025,21:30:49,S,+SACK:1b2a$,,
25/03/2025,21:30:49,D,2b4253500700fe2fbf006380200309020915564a5806025d61032900000100220c1001010000000000023bfcf2e861fe9c1d4e07e9031a00080907240006c4a707a6b01500000000000000020800000000000000000007e9031915080b1b2b3ca10d0a,,
25/03/2025,21:30:49,S,+SACK:1b2b$,,
25/03/2025,21:30:50,D,2b4253500700fe2fbf006380200309020915564a5806025d61032900000100220c1001010000000000023bfcf2e861fe9c1d4e07e9031a00080e07240006c4a707a6b01500000000000000020800000000000000000007e903191508101b2c60570d0a,,
25/03/2025,21:30:50,S,+SACK:1b2c$,,
25/03/2025,21:30:50,D,2b4253500700fe2fbf006380200309020915564a5806025d61032900000100220c1001010000000000023bfcf2e861fe9c1d4e07e9031a00081307240006c4a707a6b01500000000000000020800000000000000000007e903191508151b2d21530d0a,,
25/03/2025,21:30:50,S,+SACK:1b2d$,,
25/03/2025,21:30:51,D,2b4253500700fe2fbf006380200309020915564a5806025d61032900000100220c1001010000000000023bfcf2e861fe9c1d4e07e9031a00081807240006c4a707a6b01500000000000000020800000000000000000007e9031915081a1b2e54b20d0a,,
25/03/2025,21:30:51,S,+SACK:1b2e$,,
25/03/2025,21:30:51,D,2b4253500700fe2fbf006380200309020915564a5806025d61032900000100220c1001010000000000023bfcf2e861fe9c1d4e07e9031a00081d07240006c4a707a6b01500000000000000020800000000000000000007e9031915081f1b2fe9f70d0a,,
25/03/2025,21:30:51,S,+SACK:1b2f$,,
25/03/2025,21:30:52,D,2b4253500700fe2fbf006380200309020915564a5806025d61032900000100220c1001010000000000023bfcf2e861fe9c1d4e07e9031a00082207240006c4a707a6b01500000000000000020800000000000000000007e903191508241b301c620d0a,,
25/03/2025,21:30:52,S,+SACK:1b30$,,
25/03/2025,21:30:52,D,2b4253500700fe2fbf006380200309020915564a5806025d61032900000100220b1001010000000000023bfcf2e861fe9c1d4e07e9031a00082707240006c4a707a6b01500000000000000020800000000000000000007e903191508291b3173720d0a,,
25/03/2025,21:30:52,S,+SACK:1b31$,,
25/03/2025,21:30:53,D,2b4253500700fe2fbf006380200309020915564a5806025d61032900000100220c1001010000000000023bfcf2e861fe9c1d4e07e9031a00082c07240006c4a707a6b01500000000000000020800000000000000000007e9031915082e1b32d4c60d0a,,
25/03/2025,21:30:53,S,+SACK:1b32$,,
25/03/2025,21:30:53,D,2b4253500700fe2fbf006380200309020915564a5806025d61032900000100220c1001010000000000023bfcf2e861fe9c1d4e07e9031a00083007240006c4a707a6b01500000000000000020800000000000000000007e903191508331b339b9b0d0a,,
25/03/2025,21:30:53,S,+SACK:1b33$,,
25/03/2025,21:30:54,D,2b4253500700fe2fbf006380200309020915564a5806025d61032900000100220c1001010000000000023bfcf2e861fe9c1d4e07e9031a00083607240006c4a707a6b01500000000000000020800000000000000000007e903191508381b3460950d0a,,
25/03/2025,21:30:54,S,+SACK:1b34$,,
25/03/2025,21:30:54,D,2b4253500700fe2fbf006380200309020915564a5806025d61032900000100220c1001010000000000023bfcf2e861fe9c1d4e07e9031a00083b07240006c4a707a6b01500000000000000020800000000000000000007e903191509011b354f9f0d0a,,
25/03/2025,21:30:54,S,+SACK:1b35$,,
25/03/2025,21:30:55,D,2b4253500700fe2fbf006380200309020915564a5806025d61032900000100220c1001010000000000023bfcf2e861fe9c1d4e07e9031a00090407240006c4a707a6b01500000000000000020800000000000000000007e903191509061b37eff80d0a,,
25/03/2025,21:30:55,S,+SACK:1b37$,,
25/03/2025,21:30:55,D,2b4253500700fe2fbf006380200309020915564a5806025d61032a00000100220c1001010000000000023bfcf2e861fe9c1d4e07e9031a00090907240006c4a707a6b01500000000000000020800000000000000000007e9031915090b1b38eec60d0a,,
25/03/2025,21:30:55,S,+SACK:1b38$,,
25/03/2025,21:30:56,D,2b4253500700fe2fbf006380200309020915564a5806025d61032a00000100220a1001010000000000023bfcf2e861fe9c1d4e07e9031a00090e07240006c4a707a6b01500000000000000020800000000000000000007e903191509101b39bafe0d0a,,
25/03/2025,21:30:56,S,+SACK:1b39$,,
25/03/2025,21:30:56,D,2b4253500700fe2fbf006380200309020915564a5806025d61032a00000100220c1001010000000000023bfcf2e861fe9c1d4e07e9031a00091307240006c4a707a6b01500000000000000020800000000000000000007e903191509151b3ba3910d0a,,
25/03/2025,21:30:56,S,+SACK:1b3b$,,
25/03/2025,21:30:57,D,2b4253500700fe2fbf006380200309020915564a5806025d61032a00000100220a1001010000000000023bfcf2e861fe9c1d4e07e9031a00091807240006c4a707a6b01500000000000000020800000000000000000007e9031915091a1b3cfefc0d0a,,
25/03/2025,21:30:57,S,+SACK:1b3c$,,
25/03/2025,21:30:57,D,2b4253500700fe2fbf006380200309020915564a5806025d61032a00000100220a1001010000000000023bfcf2e861fe9c1d4e07e9031a00091d07240006c4a707a6b01500000000000000020800000000000000000007e9031915091f1b3d43b90d0a,,
25/03/2025,21:30:57,S,+SACK:1b3d$,,
25/03/2025,21:30:58,D,2b4253500700fe2fbf006380200309020915564a5806025d61032a00000100210c1001010000000000023bfcf2e861fe9c1d4e07e9031a00092207240006c4a707a6b01500000000000000020800000000000000000007e903191509241b3e7f4e0d0a,,
25/03/2025,21:30:58,S,+SACK:1b3e$,,
25/03/2025,21:30:58,D,2b4253500700fe2fbf006380200309020915564a5806025d61032a00000100210c1001010000000000023bfcf2e861fe9c1d4e07e9031a00092707240006c4a707a6b01500000000000000020800000000000000000007e903191509291b3f6baa0d0a,,
25/03/2025,21:30:58,S,+SACK:1b3f$,,
25/03/2025,21:30:59,D,2b4253500700fe2fbf006380200309020915564a5806025d61032a00000100210c1001010000000000023bfcf2e861fe9c1d4e07e9031a00092c07240006c4a707a6b01500000000000000020800000000000000000007e9031915092e1b4008f10d0a,,
25/03/2025,21:30:59,S,+SACK:1b40$,,
25/03/2025,21:30:59,D,2b4253500700fe2fbf006380200309020915564a5806025d61032a00000100210b1001010000000000023bfcf2e861fe9c1d4e07e9031a00093107240006c4a707a6b01500000000000000020800000000000000000007e903191509331b41d8c30d0a,,
25/03/2025,21:30:59,S,+SACK:1b41$,,
25/03/2025,21:31:00,D,2b4253500700fe2fbf006380200309020915564a5806025d61032a00000100210c1001010000000000023bfcf2e861fe9c1d4e07e9031a00093607240006c4a707a6b01500000000000000020800000000000000000007e903191509381b42fc260d0a,,
25/03/2025,21:31:00,S,+SACK:1b42$,,
25/03/2025,21:31:00,D,2b4253500700fe2fbf006380200309020915564a5806025d61032a00000100210c1001010000000000023bfcf2e861fe9c1d4e07e9031a00093b07240006c4a707a6b01500000000000000020800000000000000000007e90319150a011b433e440d0a,,
25/03/2025,21:31:00,S,+SACK:1b43$,,
25/03/2025,21:31:01,D,2b4253500700fe2fbf006380200309020915564a5806025d61032a00000100210c1001010000000000023bfcf2e861fe9c1d4e07e9031a000a0407240006c4a707a6b01500000000000000020800000000000000000007e90319150a061b4483d20d0a,,
25/03/2025,21:31:01,S,+SACK:1b44$,,
25/03/2025,21:31:01,D,2b4253500700fe2fbf006380200309020915564a5806025d61032a00000100210c1001010000000000023bfcf2e861fe9c1d4e07e9031a000a0907240006c4a707a6b01500000000000000020800000000000000000007e90319150a0b1b45c3090d0a,,
25/03/2025,21:31:01,S,+SACK:1b45$,,
25/03/2025,21:31:02,D,2b4253500700fe2fbf006380200309020915564a5806025d61032b00000100210a1001010000000000023bfcf2e861fe9c1d4e07e9031a000a0e07240006c4a707a6b01500000000000000020800000000000000000007e90319150a101b46d76a0d0a,,
25/03/2025,21:31:02,S,+SACK:1b46$,,
25/03/2025,21:31:02,D,2b4253500700fe2fbf006380200309020915564a5806025d61032b00000100210c1001010000000000023bfcf2e861fe9c1d4e07e9031a000a1307240006c4a707a6b01500000000000000020800000000000000000007e90319150a151b47fe660d0a,,
25/03/2025,21:31:02,S,+SACK:1b47$,,
25/03/2025,21:31:03,D,2b4253500700fe2fbf006380200309020915564a5806025d61032b00000100210c1001010000000000023bfcf2e861fe9c1d4e07e9031a000a1807240006c4a707a6b01500000000000000020800000000000000000007e90319150a1a1b484a0b0d0a,,
25/03/2025,21:31:03,S,+SACK:1b48$,,
25/03/2025,21:31:03,D,2b4253500700fe2fbf006380200309020915564a5806025d61032b00000100210c1001010000000000023bfcf2e861fe9c1d4e07e9031a000a1d07240006c4a707a6b01500000000000000020800000000000000000007e90319150a1f1b49f74e0d0a,,
25/03/2025,21:31:03,S,+SACK:1b49$,,
25/03/2025,21:31:04,D,2b4253500700fe2fbf006380200309020915564a5806025d61032b00000100210c1001010000000000023bfcf2e861fe9c1d4e07e9031a000a2207240006c4a707a6b01500000000000000020800000000000000000007e90319150a241b4ad1660d0a,,
25/03/2025,21:31:04,S,+SACK:1b4a$,,
25/03/2025,21:31:04,D,2b4253500700fe2fbf006380200309020915564a5806025d61032b00000100210c1001010000000000023bfcf2e861fe9c1d4e07e9031a000a2707240006c4a707a6b01500000000000000020800000000000000000007e90319150a291b4bc5820d0a,,
25/03/2025,21:31:04,S,+SACK:1b4b$,,
25/03/2025,21:31:05,D,2b4253500700fe2fbf006380200309020915564a5806025d61032b00000100210b1001010000000000023bfcf2e861fe9c1d4e07e9031a000a2c07240006c4a707a6b01500000000000000020800000000000000000007e90319150a2e1b4c22b20d0a,,
25/03/2025,21:31:05,S,+SACK:1b4c$,,
25/03/2025,21:31:05,D,2b4253500700fe2fbf006380200309020915564a5806025d61032b00000100210c1001010000000000023bfcf2e861fe9c1d4e07e9031a000a3107240006c4a707a6b01500000000000000020800000000000000000007e90319150a331b4df2800d0a,,
25/03/2025,21:31:05,S,+SACK:1b4d$,,
25/03/2025,21:31:06,D,2b4253500700fe2fbf006380200309020915564a5806025d61032b00000100210c1001010000000000023bfcf2e861fe9c1d4e07e9031a000a3607240006c4a707a6b01500000000000000020800000000000000000007e90319150a381b4ead910d0a,,
25/03/2025,21:31:06,S,+SACK:1b4e$,,
25/03/2025,21:31:06,D,2b4253500700fe2fbf006380200309020915564a5806025d61032b0000010021091001010000000000023bfcf2e861fe9c1d4e07e9031a000a3b07240006c4a707a6b01500000000000000020800000000000000000007e90319150b011b4fde970d0a,,
25/03/2025,21:31:06,S,+SACK:1b4f$,,
25/03/2025,21:31:07,D,2b4253500700fe2fbf006380200309020915564a5806025d61032b00000100210b1001010000000000023bfcf2e861fe9c1d4e07e9031a000b0407240006c4a707a6b01500000000000000020800000000000000000007e90319150b061b509a940d0a,,
25/03/2025,21:31:07,S,+SACK:1b50$,,
25/03/2025,21:31:07,D,2b4253500700fe2fbf006380200309020915564a5806025d61032b00000100210c1001010000000000023bfcf2e861fe9c1d4e07e9031a000b0907240006c4a707a6b01500000000000000020800000000000000000007e90319150b0b1b51a1bb0d0a,,
25/03/2025,21:31:07,S,+SACK:1b51$,,
25/03/2025,21:31:08,D,2b4253500700fe2fbf006380200309020915564a5806025d61032b00000100210c1001010000000000023bfcf2e861fe9c1d4e07e9031a000b0e07240006c4a707a6b01500000000000000020800000000000000000007e90319150b101b52bdc90d0a,,
25/03/2025,21:31:08,S,+SACK:1b52$,,
25/03/2025,21:31:08,D,2b4253500700fe2fbf006380200309020915564a5806025d61032b00000100210c1001010000000000023bfcf2e861fe9c1d4e07e9031a000b1307240006c4a707a6b01500000000000000020800000000000000000007e90319150b151b53fccd0d0a,,
25/03/2025,21:31:08,S,+SACK:1b53$,,
25/03/2025,21:31:09,D,2b4253500700fe2fbf006380200309020915564a5806025d61032b00000100210b1001010000000000023bfcf2e861fe9c1d4e07e9031a000b1807240006c4a707a6b01500000000000000020800000000000000000007e90319150b1a1b54b25c0d0a,,
25/03/2025,21:31:09,S,+SACK:1b54$,,
25/03/2025,21:31:09,D,2b4253500700fe2fbf006380200309020915564a5806025d61032b00000100210c1001010000000000023bfcf2e861fe9c1d4e07e9031a000b1d07240006c4a707a6b01500000000000000020800000000000000000007e90319150b1f1b5574ed0d0a,,
25/03/2025,21:31:09,S,+SACK:1b55$,,
25/03/2025,21:31:10,D,2b4253500700fe2fbf006380200309020915564a5806025d61032b00000100210b1001010000000000023bfcf2e861fe9c1d4e07e9031a000b2207240006c4a707a6b01500000000000000020800000000000000000007e90319150b241b5629310d0a,,
25/03/2025,21:31:10,S,+SACK:1b56$,,
25/03/2025,21:31:10,D,2b4253500700fe2fbf006380200309020915564a5806025d61032b00000100210b1001010000000000023bfcf2e861fe9c1d4e07e9031a000b2707240006c4a707a6b01500000000000000020800000000000000000007e90319150b291b573dd50d0a,,
25/03/2025,21:31:10,S,+SACK:1b57$,,
25/03/2025,21:31:11,D,2b4253500700fe2fbf006380200309020915564a5806025d61032b00000100210b1001010000000000023bfcf2e861fe9c1d4e07e9031a000b2c07240006c4a707a6b01500000000000000020800000000000000000007e90319150b2e1b5820190d0a,,
25/03/2025,21:31:11,S,+SACK:1b58$,,
25/03/2025,21:31:12,D,2b4253500700fe2fbf006380200309020915564a5806025d61032b00000100210c1001010000000000023bfcf2e861fe9c1d4e07e9031a000b3107240006c4a707a6b01500000000000000020800000000000000000007e90319150b331b59f02b0d0a,,
25/03/2025,21:31:12,S,+SACK:1b59$,,
25/03/2025,21:31:12,D,2b4253500700fe2fbf006380200309020915564a5806025d61032b00000100210c1001010000000000023bfcf2e861fe9c1d4e07e9031a000b3607240006c4a707a6b01500000000000000020800000000000000000007e90319150b381b5aaf3a0d0a,,
25/03/2025,21:31:12,S,+SACK:1b5a$,,
25/03/2025,21:31:13,D,2b4253500700fe2fbf006380200309020915564a5806025d61032b00000100210c1001010000000000023bfcf2e861fe9c1d4e07e9031a000b3b07240006c4a707a6b01500000000000000020800000000000000000007e90319150c011b5ba7a90d0a,,
25/03/2025,21:31:13,S,+SACK:1b5b$,,
25/03/2025,21:31:13,D,2b4253500700fe2fbf006380200309020915564a5806025d61032c00000100210c1001010000000000023bfcf2e861fe9c1d4e07e9031a000c0407240006c4a707a6b01500000000000000020800000000000000000007e90319150c061b5cb0f90d0a,,
25/03/2025,21:31:13,S,+SACK:1b5c$,,
25/03/2025,21:31:14,D,2b4253500700fe2fbf006380200309020915564a5806025d61032c00000100210c1001010000000000023bfcf2e861fe9c1d4e07e9031a000c0907240006c4a707a6b01500000000000000020800000000000000000007e90319150c0b1b5df0220d0a,,
25/03/2025,21:31:14,S,+SACK:1b5d$,,
25/03/2025,21:31:14,D,2b4253500700fe2fbf006380200309020915564a5806025d61032c00000100210c1001010000000000023bfcf2e861fe9c1d4e07e9031a000c0e07240006c4a707a6b01500000000000000020800000000000000000007e90319150c101b5eec500d0a,,
25/03/2025,21:31:14,S,+SACK:1b5e$,,
25/03/2025,21:31:15,D,2b4253500700fe2fbf006380200309020915564a5806025d61032c00000100210c1001010000000000023bfcf2e861fe9c1d4e07e9031a000c1307240006c4a707a6b01500000000000000020800000000000000000007e90319150c151b5fad540d0a,,
25/03/2025,21:31:15,S,+SACK:1b5f$,,
25/03/2025,21:31:15,D,2b4253500700fe2fbf006380200309020915564a5806025d61032c00000100210c1001010000000000023bfcf2e861fe9c1d4e07e9031a000c1807240006c4a707a6b01500000000000000020800000000000000000007e90319150c1a1b602f6a0d0a,,
25/03/2025,21:31:15,S,+SACK:1b60$,,
25/03/2025,21:31:16,D,2b4253500700fe2fbf006380200309020915564a5806025d61032c0000010021081001010000000000023bfcf2e861fe9c1d4e07e9031a000c1d07240006c4a707a6b01500000000000000020800000000000000000007e90319150c1f1b61dddf0d0a,,
25/03/2025,21:31:16,S,+SACK:1b61$,,
25/03/2025,21:31:16,D,2b4253500700fe2fbf006380200309020915564a5806025d61032c00000100210c1001010000000000023bfcf2e861fe9c1d4e07e9031a000c2207240006c4a707a6b01500000000000000020800000000000000000007e90319150c241b62b4070d0a,,
25/03/2025,21:31:16,S,+SACK:1b62$,,
25/03/2025,21:31:17,D,2b4556543100fe7fbf006780200309020915564a5806025d6103392bdd000000000100210c02010100000000000240fcf2e873fe9c1d5007e9031a001f1107240006c4a707a6b01500000000000000020800000000000000000007e90319151f121c4d746d0d0a,,
25/03/2025,21:31:17,S,+SACK:1c4d$,,
25/03/2025,21:31:17,D,2b4253500700fe2fbf006380200309020915564a5806025d61032c00000100210c1001010000000000023bfcf2e861fe9c1d4e07e9031a000c2707240006c4a707a6b01500000000000000020800000000000000000007e90319150c291b63a0e30d0a,,
25/03/2025,21:31:17,S,+SACK:1b63$,,
25/03/2025,21:31:39,D,2b484244ef2280200309020915564a5806025d610307e90319151f271c4ecf5a0d0a,,
25/03/2025,21:31:39,S,+SACK:GTHBD,8020030902,1c4e$
25/03/2025,21:31:40,D,2b4253500700fe2fbf006380200309020915564a5806025d61032c00000100210c1001010000000000023bfcf2e861fe9c1d4e07e9031a000c2707240006c4a707a6b01500000000000000020800000000000000000007e90319150c291b63a0e30d0a,,
25/03/2025,21:31:40,S,+SACK:1b63$,,
25/03/2025,21:31:40,D,2b4253500700fe2fbf006380200309020915564a5806025d61032c00000100210c1001010000000000023bfcf2e861fe9c1d4e07e9031a000c2c07240006c4a707a6b01500000000000000020800000000000000000007e90319150c2e1b643c270d0a,,
25/03/2025,21:31:40,S,+SACK:1b64$,,
25/03/2025,21:31:41,D,2b4253500700fe2fbf006380200309020915564a5806025d61032c00000100210c1001010000000000023bfcf2e861fe9c1d4e07e9031a000c3107240006c4a707a6b01500000000000000020800000000000000000007e90319150c331b6597e10d0a,,
25/03/2025,21:31:41,S,+SACK:1b65$,,
25/03/2025,21:31:41,D,2b4253500700fe2fbf006380200309020915564a5806025d61032c00000100210c1001010000000000023bfcf2e861fe9c1d4e07e9031a000c3607240006c4a707a6b01500000000000000020800000000000000000007e90319150c381b66c8f00d0a,,
25/03/2025,21:31:41,S,+SACK:1b66$,,
25/03/2025,21:31:42,D,2b4253500700fe2fbf006380200309020915564a5806025d61032c00000100210c1001010000000000023bfcf2e861fe9c1d4e07e9031a000c3b07240006c4a707a6b01500000000000000020800000000000000000007e90319150d011b67e7fa0d0a,,
25/03/2025,21:31:42,S,+SACK:1b67$,,
25/03/2025,21:31:42,D,2b4253500700fe2fbf006380200309020915564a5806025d61032c00000100210c1001010000000000023bfcf2e861fe9c1d4e07e9031a000d0407240006c4a707a6b01500000000000000020800000000000000000007e90319150d061b6896300d0a,,
25/03/2025,21:31:42,S,+SACK:1b68$,,
25/03/2025,21:31:43,D,2b4253500700fe2fbf006380200309020915564a5806025d61032c00000100210c1001010000000000023bfcf2e861fe9c1d4e07e9031a000d0907240006c4a707a6b01500000000000000020800000000000000000007e90319150d0b1b69d6eb0d0a,,
25/03/2025,21:31:43,S,+SACK:1b69$,,
25/03/2025,21:31:43,D,2b4253500700fe2fbf006380200309020915564a5806025d61032d00000100210c1001010000000000023bfcf2e861fe9c1d4e07e9031a000d0e07240006c4a707a6b01500000000000000020800000000000000000007e90319150d101b6aaa800d0a,,
25/03/2025,21:31:43,S,+SACK:1b6a$,,
25/03/2025,21:31:44,D,2b4253500700fe2fbf006380200309020915564a5806025d61032d00000100210b1001010000000000023bfcf2e861fe9c1d4e07e9031a000d1307240006c4a707a6b01500000000000000020800000000000000000007e90319150d151b6b90700d0a,,
25/03/2025,21:31:44,S,+SACK:1b6b$,,
25/03/2025,21:31:44,D,2b4253500700fe2fbf006380200309020915564a5806025d61032d00000100210b1001010000000000023bfcf2e861fe9c1d4e07e9031a000d1807240006c4a707a6b01500000000000000020800000000000000000007e90319150d1a1b6ca5150d0a,,
25/03/2025,21:31:44,S,+SACK:1b6c$,,
25/03/2025,21:31:45,D,2b4253500700fe2fbf006380200309020915564a5806025d61032d00000100210c1001010000000000023bfcf2e861fe9c1d4e07e9031a000d1d07240006c4a707a6b01500000000000000020800000000000000000007e90319150d1f1b6d63a40d0a,,
25/03/2025,21:31:45,S,+SACK:1b6d$,,
25/03/2025,21:31:45,D,2b4253500700fe2fbf006380200309020915564a5806025d61032d00000100210c1001010000000000023bfcf2e861fe9c1d4e07e9031a000d2207240006c4a707a6b01500000000000000020800000000000000000007e90319150d241b6e458c0d0a,,
25/03/2025,21:31:45,S,+SACK:1b6e$,,
25/03/2025,21:31:46,D,2b4253500700fe2fbf006380200309020915564a5806025d61032d00000100210c1001010000000000023bfcf2e861fe9c1d4e07e9031a000d2707240006c4a707a6b01500000000000000020800000000000000000007e90319150d291b6f51680d0a,,
25/03/2025,21:31:46,S,+SACK:1b6f$,,
25/03/2025,21:31:46,D,2b4253500700fe2fbf006380200309020915564a5806025d61032d00000100210c1001010000000000023bfcf2e861fe9c1d4e07e9031a000d2c07240006c4a707a6b01500000000000000020800000000000000000007e90319150d2e1b705e950d0a,,
25/03/2025,21:31:46,S,+SACK:1b70$,,
25/03/2025,21:31:47,D,2b4253500700fe2fbf006380200309020915564a5806025d61032d00000100210c1001010000000000023bfcf2e861fe9c1d4e07e9031a000d3107240006c4a707a6b01500000000000000020800000000000000000007e90319150d331b71f5530d0a,,
25/03/2025,21:31:47,S,+SACK:1b71$,,
25/03/2025,21:31:47,D,2b4253500700fe2fbf006380200309020915564a5806025d61032d00000100210c1001010000000000023bfcf2e861fe9c1d4e07e9031a000d3607240006c4a707a6b01500000000000000020800000000000000000007e90319150d381b72aa420d0a,,
25/03/2025,21:31:47,S,+SACK:1b72$,,
25/03/2025,21:31:48,D,2b4253500700fe2fbf006380200309020915564a5806025d61032d00000100210c1001010000000000023bfcf2e861fe9c1d4e07e9031a000d3b07240006c4a707a6b01500000000000000020800000000000000000007e90319150e011b7418c70d0a,,
25/03/2025,21:31:48,S,+SACK:1b74$,,
25/03/2025,21:31:48,D,2b4253500700fe2fbf006380200309020915564a5806025d61032d00000100210b1001010000000000023bfcf2e861fe9c1d4e07e9031a000e0407240006c4a707a6b01500000000000000020800000000000000000007e90319150e061b75be630d0a,,
25/03/2025,21:31:48,S,+SACK:1b75$,,
25/03/2025,21:31:49,D,2b4253500700fe2fbf006380200309020915564a5806025d61032d00000100210c1001010000000000023bfcf2e861fe9c1d4e07e9031a000e0907240006c4a707a6b01500000000000000020800000000000000000007e90319150e0b1b76a50e0d0a,,
25/03/2025,21:31:49,S,+SACK:1b76$,,
25/03/2025,21:31:49,D,2b4253500700fe2fbf006380200309020915564a5806025d61032d00000100210c1001010000000000023bfcf2e861fe9c1d4e07e9031a000e0e07240006c4a707a6b01500000000000000020800000000000000000007e90319150e101b77993e0d0a,,
25/03/2025,21:31:49,S,+SACK:1b77$,,
25/03/2025,21:31:50,D,2b4253500700fe2fbf006380200309020915564a5806025d61032d00000100210c1001010000000000023bfcf2e861fe9c1d4e07e9031a000e1307240006c4a707a6b01500000000000000020800000000000000000007e90319150e151b7929d50d0a,,
25/03/2025,21:31:50,S,+SACK:1b79$,,
25/03/2025,21:31:50,D,2b4253500700fe2fbf006380200309020915564a5806025d61032e00000100210c1001010000000000023bfcf2e861fe9c1d4e07e9031a000e1807240006c4a707a6b01500000000000000020800000000000000000007e90319150e1a1b7afc1f0d0a,,
25/03/2025,21:31:50,S,+SACK:1b7a$,,
25/03/2025,21:31:51,D,2b4253500700fe2fbf006380200309020915564a5806025d61032e00000100210b1001010000000000023bfcf2e861fe9c1d4e07e9031a000e1d07240006c4a707a6b01500000000000000020800000000000000000007e90319150e1f1b7b3aae0d0a,,
25/03/2025,21:31:51,S,+SACK:1b7b$,,
25/03/2025,21:31:51,D,2b4253500700fe2fbf006380200309020915564a5806025d61032e00000100210b1001010000000000023bfcf2e861fe9c1d4e07e9031a000e2207240006c4a707a6b01500000000000000020800000000000000000007e90319150e241b7c5c020d0a,,
25/03/2025,21:31:51,S,+SACK:1b7c$,,
25/03/2025,21:31:52,D,2b4253500700fe2fbf006380200309020915564a5806025d61032e00000100210c1001010000000000023bfcf2e861fe9c1d4e07e9031a000e2707240006c4a707a6b01500000000000000020800000000000000000007e90319150e291b7d33120d0a,,
25/03/2025,21:31:52,S,+SACK:1b7d$,,
25/03/2025,21:31:52,D,2b4253500700fe2fbf006380200309020915564a5806025d61032e00000100210c1001010000000000023bfcf2e861fe9c1d4e07e9031a000e2c07240006c4a707a6b01500000000000000020800000000000000000007e90319150e2e1b7eef520d0a,,
25/03/2025,21:31:52,S,+SACK:1b7e$,,
25/03/2025,21:31:53,D,2b4253500700fe2fbf006380200309020915564a5806025d61032e00000100210c1001010000000000023bfcf2e861fe9c1d4e07e9031a000e3107240006c4a707a6b01500000000000000020800000000000000000007e90319150e331b7f44940d0a,,
25/03/2025,21:31:53,S,+SACK:1b7f$,,
25/03/2025,21:31:53,D,2b4253500700fe2fbf006380200309020915564a5806025d61032e00000100210a1001010000000000023bfcf2e861fe9c1d4e07e9031a000e3607240006c4a707a6b01500000000000000020800000000000000000007e90319150e381b805d1e0d0a,,
25/03/2025,21:31:53,S,+SACK:1b80$,,
25/03/2025,21:31:54,D,2b4253500700fe2fbf006380200309020915564a5806025d61032e00000100210b1001010000000000023bfcf2e861fe9c1d4e07e9031a000e3b07240006c4a707a6b01500000000000000020800000000000000000007e90319150f011b8161e80d0a,,
25/03/2025,21:31:54,S,+SACK:1b81$,,
25/03/2025,21:31:54,D,2b4253500700fe2fbf006380200309020915564a5806025d61032e00000100210a1001010000000000023bfcf2e861fe9c1d4e07e9031a000f0407240006c4a707a6b01500000000000000020800000000000000000007e90319150f061b82c2520d0a,,
25/03/2025,21:31:54,S,+SACK:1b82$,,
25/03/2025,21:31:55,D,2b4253500700fe2fbf006380200309020915564a5806025d61032e00000100220c1001010000000000023bfcf2e861fe9c1d4e07e9031a000f0907240006c4a707a6b01500000000000000020800000000000000000007e90319150f0b1b8398560d0a,,
25/03/2025,21:31:55,S,+SACK:1b83$,,
25/03/2025,21:31:55,D,2b4253500700fe2fbf006380200309020915564a5806025d61032e00000100220c10010100000000000240fcf2e85cfe9c1d3707e9031a000f0e07240006c4a707a6b01500000000000000020800000000000000000007e90319150f101b84b6bb0d0a,,
25/03/2025,21:31:55,S,+SACK:1b84$,,
25/03/2025,21:31:56,D,2b4253500700fe2fbf006380200309020915564a5806025d61032e00000100220c10010100000000000240fcf2e85cfe9c1d3707e9031a000f1307240006c4a707a6b01500000000000000020800000000000000000007e90319150f151b85f7bf0d0a,,
25/03/2025,21:31:56,S,+SACK:1b85$,,
25/03/2025,21:31:56,D,2b4253500700fe2fbf006380200309020915564a5806025d61032e00000100220b10010100000000000240fcf2e85cfe9c1d3707e9031a000f1807240006c4a707a6b01500000000000000020800000000000000000007e90319150f1a1b86f9aa0d0a,,
25/03/2025,21:31:56,S,+SACK:1b86$,,
25/03/2025,21:31:57,D,2b4253500700fe2fbf006380200309020915564a5806025d61032e00000100220c10010100000000000240fcf2e85cfe9c1d3707e9031a000f1d07240006c4a707a6b01500000000000000020800000000000000000007e90319150f1f1b873f1b0d0a,,
25/03/2025,21:31:57,S,+SACK:1b87$,,
25/03/2025,21:31:57,D,2b4253500700fe2fbf006380200309020915564a5806025d61032e00000100220b10010100000000000240fcf2e85cfe9c1d3707e9031a000f2207240006c4a707a6b01500000000000000020800000000000000000007e90319150f241b88a34b0d0a,,
25/03/2025,21:31:57,S,+SACK:1b88$,,
25/03/2025,21:31:58,D,2b4253500700fe2fbf006380200309020915564a5806025d61032e00000100220b10010100000000000240fcf2e85cfe9c1d3707e9031a000f2707240006c4a707a6b01500000000000000020800000000000000000007e90319150f291b89b7af0d0a,,
25/03/2025,21:31:58,S,+SACK:1b89$,,
25/03/2025,21:31:59,D,2b4253500700fe2fbf006380200309020915564a5806025d61032e00000100210c10010100000000000240fcf2e85cfe9c1d3707e9031a000f2c07240006c4a707a6b01500000000000000020800000000000000000007e90319150f2e1b8a62cc0d0a,,
25/03/2025,21:31:59,S,+SACK:1b8a$,,
25/03/2025,21:31:59,D,2b4253500700fe2fbf006380200309020915564a5806025d61032e00000100210810010100000000000240fcf2e85cfe9c1d3707e9031a000f3107240006c4a707a6b01500000000000000020800000000000000000007e90319150f331b8b86fa0d0a,,
25/03/2025,21:31:59,S,+SACK:1b8b$,,
25/03/2025,21:31:59,D,2b4253500700fe2fbf006380200309020915564a5806025d61032e00000100210b10010100000000000240fcf2e85cfe9c1d3707e9031a000f3607240006c4a707a6b01500000000000000020800000000000000000007e90319150f381b8cad6b0d0a,,
25/03/2025,21:31:59,S,+SACK:1b8c$,,
25/03/2025,21:32:00,D,2b4253500700fe2fbf006380200309020915564a5806025d61032e00000100210c10010100000000000240fcf2e85cfe9c1d3707e9031a000f3b07240006c4a707a6b01500000000000000020800000000000000000007e903191510011b8d40680d0a,,
25/03/2025,21:32:00,S,+SACK:1b8d$,,
25/03/2025,21:32:00,D,2b4253500700fe2fbf006380200309020915564a5806025d61032e00000100210c10010100000000000240fcf2e85cfe9c1d3707e9031a00100407240006c4a707a6b01500000000000000020800000000000000000007e903191510061b8e48410d0a,,
25/03/2025,21:32:00,S,+SACK:1b8e$,,
25/03/2025,21:32:01,D,2b4253500700fe2fbf006380200309020915564a5806025d61032e00000100210c10010100000000000240fcf2e85cfe9c1d3707e9031a00100907240006c4a707a6b01500000000000000020800000000000000000007e9031915100b1b8f089a0d0a,,
25/03/2025,21:32:01,S,+SACK:1b8f$,,
25/03/2025,21:32:01,D,2b4253500700fe2fbf006380200309020915564a5806025d61032f00000100210c10010100000000000240fcf2e85cfe9c1d3707e9031a00100e07240006c4a707a6b01500000000000000020800000000000000000007e903191510101b90a74c0d0a,,
25/03/2025,21:32:01,S,+SACK:1b90$,,
25/03/2025,21:32:02,D,2b4253500700fe2fbf006380200309020915564a5806025d61032f00000100210c10010100000000000240fcf2e85cfe9c1d3707e9031a00101307240006c4a707a6b01500000000000000020800000000000000000007e903191510151b91e6480d0a,,
25/03/2025,21:32:02,S,+SACK:1b91$,,
25/03/2025,21:32:02,D,2b4253500700fe2fbf006380200309020915564a5806025d61032f00000100210b10010100000000000240fcf2e85cfe9c1d3707e9031a00101807240006c4a707a6b01500000000000000020800000000000000000007e9031915101a1b92e85d0d0a,,
25/03/2025,21:32:02,S,+SACK:1b92$,,
25/03/2025,21:32:03,D,2b4253500700fe2fbf006380200309020915564a5806025d61032f00000100210c10010100000000000240fcf2e85cfe9c1d3707e9031a00101d07240006c4a707a6b01500000000000000020800000000000000000007e9031915101f1b932eec0d0a,,
25/03/2025,21:32:03,S,+SACK:1b93$,,
25/03/2025,21:32:03,D,2b4253500700fe2fbf006380200309020915564a5806025d61032f00000100220c10010100000000000240fcf2e85cfe9c1d3707e9031a00102207240006c4a707a6b01500000000000000020800000000000000000007e903191510241b943a970d0a,,
25/03/2025,21:32:03,S,+SACK:1b94$,,
25/03/2025,21:32:04,D,2b4253500700fe2fbf006380200309020915564a5806025d61032f00000100220c10010100000000000240fcf2e85cfe9c1d3707e9031a00102707240006c4a707a6b01500000000000000020800000000000000000007e903191510291b952e730d0a,,
25/03/2025,21:32:04,S,+SACK:1b95$,,
25/03/2025,21:32:04,D,2b4253500700fe2fbf006380200309020915564a5806025d61032f00000100220a10010100000000000240fcf2e85cfe9c1d3707e9031a00102c07240006c4a707a6b01500000000000000020800000000000000000007e9031915102e1b969a3b0d0a,,
25/03/2025,21:32:04,S,+SACK:1b96$,,
25/03/2025,21:32:05,D,2b4253500700fe2fbf006380200309020915564a5806025d61032f00000100220c10010100000000000240fcf2e85cfe9c1d3707e9031a00103107240006c4a707a6b01500000000000000020800000000000000000007e903191510331b9759f50d0a,,
25/03/2025,21:32:05,S,+SACK:1b97$,,
25/03/2025,21:32:05,D,2b4253500700fe2fbf006380200309020915564a5806025d61032f00000100220c10010100000000000240fcf2e85cfe9c1d3707e9031a00103607240006c4a707a6b01500000000000000020800000000000000000007e903191510381b98c7680d0a,,
25/03/2025,21:32:05,S,+SACK:1b98$,,
25/03/2025,21:32:06,D,2b4253500700fe2fbf006380200309020915564a5806025d61032f00000100220c10010100000000000240fcf2e85cfe9c1d3707e9031a00103b07240006c4a707a6b01500000000000000020800000000000000000007e903191511011b99e8620d0a,,
25/03/2025,21:32:06,S,+SACK:1b99$,,
25/03/2025,21:32:06,D,2b4253500700fe2fbf006380200309020915564a5806025d61032f00000100220c10010100000000000240fcf2e85cfe9c1d3707e9031a00110407240006c4a707a6b01500000000000000020800000000000000000007e903191511061b9a58240d0a,,
25/03/2025,21:32:06,S,+SACK:1b9a$,,
25/03/2025,21:32:07,D,2b4253500700fe2fbf006380200309020915564a5806025d61032f00000100220c10010100000000000240fcf2e85cfe9c1d3707e9031a00110907240006c4a707a6b01500000000000000020800000000000000000007e9031915110b1b9b18ff0d0a,,
25/03/2025,21:32:07,S,+SACK:1b9b$,,
25/03/2025,21:32:07,D,2b4253500700fe2fbf006380200309020915564a5806025d61032f00000100220b10010100000000000240fcf2e85cfe9c1d3707e9031a00110e07240006c4a707a6b01500000000000000020800000000000000000007e903191511101b9c3ffd0d0a,,
25/03/2025,21:32:07,S,+SACK:1b9c$,,
25/03/2025,21:32:08,D,2b4253500700fe2fbf006380200309020915564a5806025d61032f00000100220c10010100000000000240fcf2e85cfe9c1d3707e9031a00111307240006c4a707a6b01500000000000000020800000000000000000007e903191511151b9d050d0d0a,,
25/03/2025,21:32:08,S,+SACK:1b9d$,,
25/03/2025,21:32:08,D,2b4253500700fe2fbf006380200309020915564a5806025d61033000000100220c10010100000000000240fcf2e85cfe9c1d3707e9031a00111807240006c4a707a6b01500000000000000020800000000000000000007e9031915111a1b9e117f0d0a,,
25/03/2025,21:32:08,S,+SACK:1b9e$,,
25/03/2025,21:32:09,D,2b4253500700fe2fbf006380200309020915564a5806025d61033000000100210c10010100000000000240fcf2e85cfe9c1d3707e9031a00111d07240006c4a707a6b01500000000000000020800000000000000000007e9031915111f1b9fdeed0d0a,,
25/03/2025,21:32:09,S,+SACK:1b9f$,,
25/03/2025,21:32:09,D,2b4253500700fe2fbf006380200309020915564a5806025d61033000000100210c10010100000000000240fcf2e85cfe9c1d3707e9031a00112207240006c4a707a6b01500000000000000020800000000000000000007e903191511241ba00f1a0d0a,,
25/03/2025,21:32:09,S,+SACK:1ba0$,,
25/03/2025,21:32:10,D,2b4253500700fe2fbf006380200309020915564a5806025d61033000000100210c10010100000000000240fcf2e85cfe9c1d3707e9031a00112707240006c4a707a6b01500000000000000020800000000000000000007e903191511291ba11bfe0d0a,,
25/03/2025,21:32:10,S,+SACK:1ba1$,,
25/03/2025,21:32:10,D,2b4253500700fe2fbf006380200309020915564a5806025d61033000000100210c10010100000000000240fcf2e85cfe9c1d3707e9031a00112c07240006c4a707a6b01500000000000000020800000000000000000007e9031915112e1ba2c7be0d0a,,
25/03/2025,21:32:10,S,+SACK:1ba2$,,
25/03/2025,21:32:11,D,2b4253500700fe2fbf006380200309020915564a5806025d61033000000100210c10010100000000000240fcf2e85cfe9c1d3707e9031a00113107240006c4a707a6b01500000000000000020800000000000000000007e903191511331ba36c780d0a,,
25/03/2025,21:32:11,S,+SACK:1ba3$,,
25/03/2025,21:32:11,D,2b4253500700fe2fbf006380200309020915564a5806025d61033000000100210c10010100000000000240fcf2e85cfe9c1d3707e9031a00113607240006c4a707a6b01500000000000000020800000000000000000007e903191511381ba473ed0d0a,,
25/03/2025,21:32:11,S,+SACK:1ba4$,,
25/03/2025,21:32:12,D,2b4253500700fe2fbf006380200309020915564a5806025d61033000000100210c10010100000000000240fcf2e85cfe9c1d3707e9031a00113b07240006c4a707a6b01500000000000000020800000000000000000007e903191512011ba5b18f0d0a,,
25/03/2025,21:32:12,S,+SACK:1ba5$,,
25/03/2025,21:32:12,D,2b4253500700fe2fbf006380200309020915564a5806025d61033000000100210b10010100000000000240fcf2e85cfe9c1d3707e9031a00120407240006c4a707a6b01500000000000000020800000000000000000007e903191512061ba637690d0a,,
25/03/2025,21:32:12,S,+SACK:1ba6$,,
25/03/2025,21:32:13,D,2b4253500700fe2fbf006380200309020915564a5806025d61033000000100210c10010100000000000240fcf2e85cfe9c1d3707e9031a00120907240006c4a707a6b01500000000000000020800000000000000000007e9031915120b1ba70c460d0a,,
25/03/2025,21:32:13,S,+SACK:1ba7$,,
25/03/2025,21:32:13,D,2b4253500700fe2fbf006380200309020915564a5806025d61033000000100210c10010100000000000240fcf2e85cfe9c1d3707e9031a00120e07240006c4a707a6b01500000000000000020800000000000000000007e903191512101ba8d1b80d0a,,
25/03/2025,21:32:13,S,+SACK:1ba8$,,
25/03/2025,21:32:14,D,2b4253500700fe2fbf006380200309020915564a5806025d61033000000100210c10010100000000000240fcf2e85cfe9c1d3707e9031a00121307240006c4a707a6b01500000000000000020800000000000000000007e903191512151ba990bc0d0a,,
25/03/2025,21:32:14,S,+SACK:1ba9$,,
25/03/2025,21:32:14,D,2b4253500700fe2fbf006380200309020915564a5806025d61033000000100210c10010100000000000240fcf2e85cfe9c1d3707e9031a00121807240006c4a707a6b01500000000000000020800000000000000000007e9031915121a1baae55d0d0a,,
25/03/2025,21:32:14,S,+SACK:1baa$,,
25/03/2025,21:32:15,D,2b4253500700fe2fbf006380200309020915564a5806025d61033000000100210c10010100000000000240fcf2e85cfe9c1d3707e9031a00121d07240006c4a707a6b01500000000000000020800000000000000000007e9031915121f1bab58180d0a,,
25/03/2025,21:32:15,S,+SACK:1bab$,,
25/03/2025,21:32:15,D,2b4253500700fe2fbf006380200309020915564a5806025d61033000000100210c10010100000000000240fcf2e85cfe9c1d3707e9031a00122207240006c4a707a6b01500000000000000020800000000000000000007e903191512241bac3eb40d0a,,
25/03/2025,21:32:15,S,+SACK:1bac$,,
25/03/2025,21:32:16,D,2b4253500700fe2fbf006380200309020915564a5806025d61033100000100210c10010100000000000240fcf2e85cfe9c1d3707e9031a00122707240006c4a707a6b01500000000000000020800000000000000000007e903191512291bad4a490d0a,,
25/03/2025,21:32:16,S,+SACK:1bad$,,
25/03/2025,21:32:16,D,2b4253500700fe2fbf006380200309020915564a5806025d61033100000100210c10010100000000000240fcf2e85cfe9c1d3707e9031a00122c07240006c4a707a6b01500000000000000020800000000000000000007e9031915122e1bae96090d0a,,
25/03/2025,21:32:16,S,+SACK:1bae$,,
25/03/2025,21:32:17,D,2b4253500700fe2fbf006380200309020915564a5806025d61033100000100210c10010100000000000240fcf2e85cfe9c1d3707e9031a00123107240006c4a707a6b01500000000000000020800000000000000000007e903191512331baf3dcf0d0a,,
25/03/2025,21:32:17,S,+SACK:1baf$,,
25/03/2025,21:32:18,D,2b4253500700fe2fbf006380200309020915564a5806025d61033100000100210c10010100000000000240fcf2e85cfe9c1d3707e9031a00123607240006c4a707a6b01500000000000000020800000000000000000007e903191512381bb0b1630d0a,,
25/03/2025,21:32:18,S,+SACK:1bb0$,,
25/03/2025,21:32:18,D,2b4253500700fe2fbf006380200309020915564a5806025d61033100000100220c10010100000000000240fcf2e85cfe9c1d3707e9031a00123b07240006c4a707a6b01500000000000000020800000000000000000007e903191513011bb2dcdd0d0a,,
25/03/2025,21:32:18,S,+SACK:1bb2$,,
25/03/2025,21:32:18,D,2b4253500700fe2fbf006380200309020915564a5806025d61033100000100220c10010100000000000240fcf2e85cfe9c1d3707e9031a00130407240006c4a707a6b01500000000000000020800000000000000000007e903191513061bb34cd90d0a,,
25/03/2025,21:32:18,S,+SACK:1bb3$,,
25/03/2025,21:32:19,D,2b4253500700fe2fbf006380200309020915564a5806025d61033100000100220c10010100000000000240fcf2e85cfe9c1d3707e9031a00130907240006c4a707a6b01500000000000000020800000000000000000007e9031915130b1bb46cc40d0a,,
25/03/2025,21:32:19,S,+SACK:1bb4$,,
25/03/2025,21:32:19,D,2b4253500700fe2fbf006380200309020915564a5806025d61033100000100220b10010100000000000240fcf2e85cfe9c1d3707e9031a00130e07240006c4a707a6b01500000000000000020800000000000000000007e903191513101bb52b000d0a,,
25/03/2025,21:32:19,S,+SACK:1bb5$,,
25/03/2025,21:32:20,D,2b4253500700fe2fbf006380200309020915564a5806025d61033100000100220c10010100000000000240fcf2e85cfe9c1d3707e9031a00131307240006c4a707a6b01500000000000000020800000000000000000007e903191513151bb721930d0a,,
25/03/2025,21:32:20,S,+SACK:1bb7$,,
25/03/2025,21:32:20,D,2b4253500700fe2fbf006380200309020915564a5806025d61033100000100220c10010100000000000240fcf2e85cfe9c1d3707e9031a00131807240006c4a707a6b01500000000000000020800000000000000000007e9031915131a1bb895fe0d0a,,
25/03/2025,21:32:20,S,+SACK:1bb8$,,
25/03/2025,21:32:21,D,2b4253500700fe2fbf006380200309020915564a5806025d61033100000100220c10010100000000000240fcf2e85cfe9c1d3707e9031a00131d07240006c4a707a6b01500000000000000020800000000000000000007e9031915131f1bb928bb0d0a,,
25/03/2025,21:32:21,S,+SACK:1bb9$,,
25/03/2025,21:32:21,D,2b4253500700fe2fbf006380200309020915564a5806025d61033100000100210c10010100000000000240fcf2e85cfe9c1d3707e9031a00132207240006c4a707a6b01500000000000000020800000000000000000007e903191513241bba7c440d0a,,
25/03/2025,21:32:21,S,+SACK:1bba$,,
25/03/2025,21:32:22,D,2b4253500700fe2fbf006380200309020915564a5806025d61033100000100210c10010100000000000240fcf2e85cfe9c1d3707e9031a00132707240006c4a707a6b01500000000000000020800000000000000000007e903191513291bbb68a00d0a,,
25/03/2025,21:32:22,S,+SACK:1bbb$,,
25/03/2025,21:32:22,D,2b4253500700fe2fbf006380200309020915564a5806025d61033100000100210c10010100000000000240fcf2e85cfe9c1d3707e9031a00132c07240006c4a707a6b01500000000000000020800000000000000000007e9031915132e1bbcf4640d0a,,
25/03/2025,21:32:22,S,+SACK:1bbc$,,
25/03/2025,21:32:23,D,2b4253500700fe2fbf006380200309020915564a5806025d61033200000100210c10010100000000000240fcf2e85cfe9c1d3707e9031a00133107240006c4a707a6b01500000000000000020800000000000000000007e903191513331bbdff890d0a,,
25/03/2025,21:32:23,S,+SACK:1bbd$,,
25/03/2025,21:32:23,D,2b4253500700fe2fbf006380200309020915564a5806025d61033200000100210c10010100000000000240fcf2e85cfe9c1d3707e9031a00133607240006c4a707a6b01500000000000000020800000000000000000007e903191513381bbea0980d0a,,
25/03/2025,21:32:23,S,+SACK:1bbe$,,
25/03/2025,21:32:24,D,2b4253500700fe2fbf006380200309020915564a5806025d61033200000100210c10010100000000000240fcf2e85cfe9c1d3707e9031a00133b07240006c4a707a6b01500000000000000020800000000000000000007e903191514011bbfa80b0d0a,,
25/03/2025,21:32:24,S,+SACK:1bbf$,,
25/03/2025,21:32:24,D,2b4253500700fe2fbf006380200309020915564a5806025d61033200000100210b10010100000000000240fcf2e873fe9c1d5007e9031a00140407240006c4a707a6b01500000000000000020800000000000000000007e903191514061bc029540d0a,,
25/03/2025,21:32:24,S,+SACK:1bc0$,,
25/03/2025,21:32:25,D,2b4253500700fe2fbf006380200309020915564a5806025d61033200000100210b10010100000000000240fcf2e873fe9c1d5007e9031a00140907240006c4a707a6b01500000000000000020800000000000000000007e9031915140b1bc1698f0d0a,,
25/03/2025,21:32:25,S,+SACK:1bc1$,,
25/03/2025,21:32:25,D,2b4253500700fe2fbf006380200309020915564a5806025d61033200000100210c10010100000000000240fcf2e873fe9c1d5007e9031a00140e07240006c4a707a6b01500000000000000020800000000000000000007e903191514101bc20e090d0a,,
25/03/2025,21:32:25,S,+SACK:1bc2$,,
25/03/2025,21:32:26,D,2b4253500700fe2fbf006380200309020915564a5806025d61033200000100210c10010100000000000240fcf2e873fe9c1d5007e9031a00141307240006c4a707a6b01500000000000000020800000000000000000007e903191514151bc34f0d0d0a,,
25/03/2025,21:32:26,S,+SACK:1bc3$,,
25/03/2025,21:32:26,D,2b4253500700fe2fbf006380200309020915564a5806025d61033200000100220c10010100000000000240fcf2e873fe9c1d5007e9031a00141807240006c4a707a6b01500000000000000020800000000000000000007e9031915141a1bc408bf0d0a,,
25/03/2025,21:32:26,S,+SACK:1bc4$,,
25/03/2025,21:32:27,D,2b4253500700fe2fbf006380200309020915564a5806025d61033200000100220c10010100000000000240fcf2e873fe9c1d5007e9031a00141d07240006c4a707a6b01500000000000000020800000000000000000007e9031915141f1bc5b5fa0d0a,,
25/03/2025,21:32:27,S,+SACK:1bc5$,,
25/03/2025,21:32:27,D,2b4253500700fe2fbf006380200309020915564a5806025d61033200000100220a10010100000000000240fcf2e873fe9c1d5007e9031a00142207240006c4a707a6b01500000000000000020800000000000000000007e903191514241bc6fbda0d0a,,
25/03/2025,21:32:27,S,+SACK:1bc6$,,
25/03/2025,21:32:28,D,2b4253500700fe2fbf006380200309020915564a5806025d61033200000100220c10010100000000000240fcf2e873fe9c1d5007e9031a00142707240006c4a707a6b01500000000000000020800000000000000000007e903191514291bc787360d0a,,
25/03/2025,21:32:28,S,+SACK:1bc7$,,
25/03/2025,21:32:28,D,2b4253500700fe2fbf006380200309020915564a5806025d61033200000100220c10010100000000000240fcf2e873fe9c1d5007e9031a00142c07240006c4a707a6b01500000000000000020800000000000000000007e9031915142e1bc89afa0d0a,,
25/03/2025,21:32:28,S,+SACK:1bc8$,,
25/03/2025,21:32:29,D,2b4253500700fe2fbf006380200309020915564a5806025d61033200000100220a10010100000000000240fcf2e873fe9c1d5007e9031a00143107240006c4a707a6b01500000000000000020800000000000000000007e903191514331bc959340d0a,,
25/03/2025,21:32:29,S,+SACK:1bc9$,,
25/03/2025,21:32:29,D,2b4253500700fe2fbf006380200309020915564a5806025d61033300000100220c10010100000000000240fcf2e873fe9c1d5007e9031a00143607240006c4a707a6b01500000000000000020800000000000000000007e903191514381bca0e340d0a,,
25/03/2025,21:32:29,S,+SACK:1bca$,,
25/03/2025,21:32:30,D,2b4253500700fe2fbf006380200309020915564a5806025d61033300000100220b10010100000000000240fcf2e873fe9c1d5007e9031a00143b07240006c4a707a6b01500000000000000020800000000000000000007e903191515011bcb5aca0d0a,,
25/03/2025,21:32:30,S,+SACK:1bcb$,,
25/03/2025,21:32:30,D,2b4253500700fe2fbf006380200309020915564a5806025d61033300000100220b10010100000000000240fcf2e873fe9c1d5007e9031a00150407240006c4a707a6b01500000000000000020800000000000000000007e903191515061bccaa080d0a,,
25/03/2025,21:32:30,S,+SACK:1bcc$,,
25/03/2025,21:32:31,D,2b4253500700fe2fbf006380200309020915564a5806025d61033300000100220c10010100000000000240fcf2e873fe9c1d5007e9031a00150907240006c4a707a6b01500000000000000020800000000000000000007e9031915150b1bcd91270d0a,,
25/03/2025,21:32:31,S,+SACK:1bcd$,,
25/03/2025,21:32:31,D,2b4253500700fe2fbf006380200309020915564a5806025d61033300000100220a10010100000000000240fcf2e873fe9c1d5007e9031a00150e07240006c4a707a6b01500000000000000020800000000000000000007e903191515101bcee55d0d0a,,
25/03/2025,21:32:31,S,+SACK:1bce$,,
25/03/2025,21:32:32,D,2b4253500700fe2fbf006380200309020915564a5806025d61033300000100220c10010100000000000240fcf2e873fe9c1d5007e9031a00151307240006c4a707a6b01500000000000000020800000000000000000007e903191515151bcfcc510d0a,,
25/03/2025,21:32:32,S,+SACK:1bcf$,,
25/03/2025,21:32:32,D,2b4253500700fe2fbf006380200309020915564a5806025d61033300000100220a10010100000000000240fcf2e873fe9c1d5007e9031a00151807240006c4a707a6b01500000000000000020800000000000000000007e9031915151a1bd002050d0a,,
25/03/2025,21:32:32,S,+SACK:1bd0$,,
25/03/2025,21:32:33,D,2b4253500700fe2fbf006380200309020915564a5806025d61033300000100220c10010100000000000240fcf2e873fe9c1d5007e9031a00151d07240006c4a707a6b01500000000000000020800000000000000000007e9031915151f1bd1d7480d0a,,
25/03/2025,21:32:33,S,+SACK:1bd1$,,
25/03/2025,21:32:33,D,2b4253500700fe2fbf006380200309020915564a5806025d61033300000100220c10010100000000000240fcf2e873fe9c1d5007e9031a00152207240006c4a707a6b01500000000000000020800000000000000000007e903191515241bd2f1600d0a,,
25/03/2025,21:32:33,S,+SACK:1bd2$,,
25/03/2025,21:32:34,D,2b4253500700fe2fbf006380200309020915564a5806025d61033300000100210c10010100000000000240fcf2e873fe9c1d5007e9031a00152707240006c4a707a6b01500000000000000020800000000000000000007e903191515291bd397530d0a,,
25/03/2025,21:32:34,S,+SACK:1bd3$,,
25/03/2025,21:32:34,D,2b4253500700fe2fbf006380200309020915564a5806025d61033300000100210c10010100000000000240fcf2e873fe9c1d5007e9031a00152c07240006c4a707a6b01500000000000000020800000000000000000007e9031915152e1bd40b970d0a,,
25/03/2025,21:32:34,S,+SACK:1bd4$,,
25/03/2025,21:32:35,D,2b4253500700fe2fbf006380200309020915564a5806025d61033300000100210c10010100000000000240fcf2e873fe9c1d5007e9031a00153107240006c4a707a6b01500000000000000020800000000000000000007e903191515331bd5a0510d0a,,
25/03/2025,21:32:35,S,+SACK:1bd5$,,
25/03/2025,21:32:35,D,2b4253500700fe2fbf006380200309020915564a5806025d61033300000100210c10010100000000000240fcf2e873fe9c1d5007e9031a00153607240006c4a707a6b01500000000000000020800000000000000000007e903191515381bd6ff400d0a,,
25/03/2025,21:32:35,S,+SACK:1bd6$,,
25/03/2025,21:32:36,D,2b4253500700fe2fbf006380200309020915564a5806025d61033300000100210a10010100000000000240fcf2e873fe9c1d5007e9031a00153b07240006c4a707a6b01500000000000000020800000000000000000007e903191516011bd7552a0d0a,,
25/03/2025,21:32:36,S,+SACK:1bd7$,,
25/03/2025,21:32:36,D,2b4253500700fe2fbf006380200309020915564a5806025d61033300000100210c10010100000000000240fcf2e873fe9c1d5007e9031a00160407240006c4a707a6b01500000000000000020800000000000000000007e903191516061bd801bc0d0a,,
25/03/2025,21:32:36,S,+SACK:1bd8$,,
25/03/2025,21:32:37,D,2b4253500700fe2fbf006380200309020915564a5806025d61033300000100210c10010100000000000240fcf2e873fe9c1d5007e9031a00160907240006c4a707a6b01500000000000000020800000000000000000007e9031915160b1bd941670d0a,,
25/03/2025,21:32:37,S,+SACK:1bd9$,,
25/03/2025,21:32:37,D,2b4253500700fe2fbf006380200309020915564a5806025d61033300000100210c10010100000000000240fcf2e873fe9c1d5007e9031a00160e07240006c4a707a6b01500000000000000020800000000000000000007e903191516101bda5d150d0a,,
25/03/2025,21:32:37,S,+SACK:1bda$,,
25/03/2025,21:32:38,D,2b4253500700fe2fbf006380200309020915564a5806025d61033300000100210c10010100000000000240fcf2e873fe9c1d5007e9031a00161307240006c4a707a6b01500000000000000020800000000000000000007e903191516151bdb1c110d0a,,
25/03/2025,21:32:38,S,+SACK:1bdb$,,
25/03/2025,21:32:38,D,2b4253500700fe2fbf006380200309020915564a5806025d61033300000100210c10010100000000000240fcf2e873fe9c1d5007e9031a00161807240006c4a707a6b01500000000000000020800000000000000000007e9031915161a1bdc29740d0a,,
25/03/2025,21:32:38,S,+SACK:1bdc$,,
25/03/2025,21:32:39,D,2b4253500700fe2fbf006380200309020915564a5806025d61033300000100210c10010100000000000240fcf2e873fe9c1d5007e9031a00161d07240006c4a707a6b01500000000000000020800000000000000000007e9031915161f1bdd94310d0a,,
25/03/2025,21:32:39,S,+SACK:1bdd$,,
25/03/2025,21:32:39,D,2b4253500700fe2fbf006380200309020915564a5806025d61033300000100210c10010100000000000240fcf2e873fe9c1d5007e9031a00162207240006c4a707a6b01500000000000000020800000000000000000007e903191516241bdeb2190d0a,,
25/03/2025,21:32:40,S,+SACK:1bde$,,
25/03/2025,21:32:40,D,2b4253500700fe2fbf006380200309020915564a5806025d61033300000100210c10010100000000000240fcf2e873fe9c1d5007e9031a00162707240006c4a707a6b01500000000000000020800000000000000000007e903191516291bdfa6fd0d0a,,
25/03/2025,21:32:40,S,+SACK:1bdf$,,
25/03/2025,21:32:40,D,2b4253500700fe2fbf006380200309020915564a5806025d61033300000100210c10010100000000000240fcf2e873fe9c1d5007e9031a00162c07240006c4a707a6b01500000000000000020800000000000000000007e9031915162e1be08d620d0a,,
25/03/2025,21:32:40,S,+SACK:1be0$,,
25/03/2025,21:32:41,D,2b4253500700fe2fbf006380200309020915564a5806025d61033400000100210c10010100000000000240fcf2e873fe9c1d5007e9031a00163107240006c4a707a6b01500000000000000020800000000000000000007e903191516331be116ca0d0a,,
25/03/2025,21:32:41,S,+SACK:1be1$,,
25/03/2025,21:32:41,D,2b4253500700fe2fbf006380200309020915564a5806025d61033400000100210c10010100000000000240fcf2e873fe9c1d5007e9031a00163507240006c4a707a6b01500000000000000020800000000000000000007e903191516381be274570d0a,,
25/03/2025,21:32:41,S,+SACK:1be2$,,
25/03/2025,21:32:42,D,2b4253500700fe2fbf006380200309020915564a5806025d61033400000100210c10010100000000000240fcf2e873fe9c1d5007e9031a00163b07240006c4a707a6b01500000000000000020800000000000000000007e903191517011be366d10d0a,,
25/03/2025,21:32:42,S,+SACK:1be3$,,
25/03/2025,21:32:42,D,2b4253500700fe2fbf006380200309020915564a5806025d61033400000100210c10010100000000000240fcf2e873fe9c1d5007e9031a00170407240006c4a707a6b01500000000000000020800000000000000000007e903191517061be496130d0a,,
25/03/2025,21:32:42,S,+SACK:1be4$,,
25/03/2025,21:32:43,D,2b4253500700fe2fbf006380200309020915564a5806025d61033400000100210c10010100000000000240fcf2e873fe9c1d5007e9031a00170907240006c4a707a6b01500000000000000020800000000000000000007e9031915170b1be5d6c80d0a,,
25/03/2025,21:32:43,S,+SACK:1be5$,,
25/03/2025,21:32:43,D,2b4253500700fe2fbf006380200309020915564a5806025d61033400000100210c10010100000000000240fcf2e873fe9c1d5007e9031a00170e07240006c4a707a6b01500000000000000020800000000000000000007e903191517101be6caba0d0a,,
25/03/2025,21:32:43,S,+SACK:1be6$,,
25/03/2025,21:32:44,D,2b4253500700fe2fbf006380200309020915564a5806025d61033400000100210c10010100000000000240fcf2e873fe9c1d5007e9031a00171307240006c4a707a6b01500000000000000020800000000000000000007e903191517151be78bbe0d0a,,
25/03/2025,21:32:44,S,+SACK:1be7$,,
25/03/2025,21:32:44,D,2b4253500700fe2fbf006380200309020915564a5806025d61033400000100210c10010100000000000240fcf2e873fe9c1d5007e9031a00171807240006c4a707a6b01500000000000000020800000000000000000007e9031915171a1be83fd30d0a,,
25/03/2025,21:32:44,S,+SACK:1be8$,,
25/03/2025,21:32:45,D,2b4253500700fe2fbf006380200309020915564a5806025d61033400000100210c10010100000000000240fcf2e873fe9c1d5007e9031a00171d07240006c4a707a6b01500000000000000020800000000000000000007e9031915171f1be982960d0a,,
25/03/2025,21:32:45,S,+SACK:1be9$,,
25/03/2025,21:32:45,D,2b4253500700fe2fbf006380200309020915564a5806025d61033400000100210910010100000000000240fcf2e873fe9c1d5007e9031a00172207240006c4a707a6b01500000000000000020800000000000000000007e903191517241beaf8b20d0a,,
25/03/2025,21:32:45,S,+SACK:1bea$,,
25/03/2025,21:32:46,D,2b4253500700fe2fbf006380200309020915564a5806025d61033400000100210b10010100000000000240fcf2e873fe9c1d5007e9031a00172707240006c4a707a6b01500000000000000020800000000000000000007e903191517291bebcbae0d0a,,
25/03/2025,21:32:46,S,+SACK:1beb$,,
25/03/2025,21:32:46,D,2b4253500700fe2fbf006380200309020915564a5806025d61033400000100220c10010100000000000240fcf2e873fe9c1d5007e9031a00172c07240006c4a707a6b01500000000000000020800000000000000000007e9031915172e1bec5e490d0a,,
25/03/2025,21:32:46,S,+SACK:1bec$,,
25/03/2025,21:32:47,D,2b4253500700fe2fbf006380200309020915564a5806025d61033400000100220c10010100000000000240fcf2e873fe9c1d5007e9031a00173107240006c4a707a6b01500000000000000020800000000000000000007e903191517331bedf58f0d0a,,
25/03/2025,21:32:47,S,+SACK:1bed$,,
25/03/2025,21:32:48,D,2b4253500700fe2fbf006380200309020915564a5806025d61033400000100220c10010100000000000240fcf2e873fe9c1d5007e9031a00173607240006c4a707a6b01500000000000000020800000000000000000007e903191517381beeaa9e0d0a,,
25/03/2025,21:32:48,S,+SACK:1bee$,,
25/03/2025,21:32:48,D,2b4253500700fe2fbf006380200309020915564a5806025d61033500000100220a10010100000000000240fcf2e873fe9c1d5007e9031a00173b0000000000000000000000000000000000020800000000000000000007e903191518011bf064db0d0a,,
25/03/2025,21:32:48,S,+SACK:1bf0$,,
25/03/2025,21:32:48,D,2b4253500700fe2fbf006380200309020915564a5806025d61033500000100220b10010100000000000240fcf2e873fe9c1d5007e9031a00180407240006c4a707a6b01500000000000000020800000000000000000007e903191518061bf1bd740d0a,,
25/03/2025,21:32:48,S,+SACK:1bf1$,,
25/03/2025,21:32:49,D,2b4253500700fe2fbf006380200309020915564a5806025d61033500000100220c10010100000000000240fcf2e873fe9c1d5007e9031a00180907240006c4a707a6b01500000000000000020800000000000000000007e9031915180b1bf2a6190d0a,,
25/03/2025,21:32:49,S,+SACK:1bf2$,,
25/03/2025,21:32:49,D,2b4253500700fe2fbf006380200309020915564a5806025d61033500000100220c10010100000000000240fcf2e873fe9c1d5007e9031a00180e07240006c4a707a6b01500000000000000020800000000000000000007e903191518101bf4eace0d0a,,
25/03/2025,21:32:49,S,+SACK:1bf4$,,
25/03/2025,21:32:50,D,2b4253500700fe2fbf006380200309020915564a5806025d61033500000100210c10010100000000000240fcf2e873fe9c1d5007e9031a00181307240006c4a707a6b01500000000000000020800000000000000000007e903191518151bf5d91d0d0a,,
25/03/2025,21:32:50,S,+SACK:1bf5$,,
25/03/2025,21:32:50,D,2b4253500700fe2fbf006380200309020915564a5806025d61033500000100210c10010100000000000240fcf2e873fe9c1d5007e9031a00181807240006c4a707a6b01500000000000000020800000000000000000007e9031915181a1bf6acfc0d0a,,
25/03/2025,21:32:50,S,+SACK:1bf6$,,
25/03/2025,21:32:51,D,2b4253500700fe2fbf006380200309020915564a5806025d61033500000100210c10010100000000000240fcf2e873fe9c1d5007e9031a00181d07240006c4a707a6b01500000000000000020800000000000000000007e9031915181f1bf711b90d0a,,
25/03/2025,21:32:51,S,+SACK:1bf7$,,
25/03/2025,21:32:51,D,2b4253500700fe2fbf006380200309020915564a5806025d61033500000100210c10010100000000000240fcf2e873fe9c1d5007e9031a00182207240006c4a707a6b01500000000000000020800000000000000000007e903191518241bf8f61d0d0a,,
25/03/2025,21:32:51,S,+SACK:1bf8$,,
25/03/2025,21:32:52,D,2b4253500700fe2fbf006380200309020915564a5806025d61033500000100210c10010100000000000240fcf2e873fe9c1d5007e9031a00182707240006c4a707a6b01500000000000000020800000000000000000007e903191518291bf9e2f90d0a,,
25/03/2025,21:32:52,S,+SACK:1bf9$,,
25/03/2025,21:32:52,D,2b4253500700fe2fbf006380200309020915564a5806025d61033500000100210a10010100000000000240fcf2e873fe9c1d5007e9031a00182c07240006c4a707a6b01500000000000000020800000000000000000007e9031915182e1bfa56b10d0a,,
25/03/2025,21:32:52,S,+SACK:1bfa$,,
25/03/2025,21:32:53,D,2b4253500700fe2fbf006380200309020915564a5806025d61033500000100210910010100000000000240fcf2e873fe9c1d5007e9031a00183107240006c4a707a6b01500000000000000020800000000000000000007e903191518331bfbc9730d0a,,
25/03/2025,21:32:53,S,+SACK:1bfb$,,
25/03/2025,21:32:53,D,2b4253500700fe2fbf006380200309020915564a5806025d61033600000100220c10010100000000000240fcf2e873fe9c1d5007e9031a00183607240006c4a707a6b01500000000000000020800000000000000000007e903191518381bfc58160d0a,,
25/03/2025,21:32:53,S,+SACK:1bfc$,,
25/03/2025,21:32:54,D,2b4253500700fe2fbf006380200309020915564a5806025d61033600000100220a10010100000000000240fcf2e873fe9c1d5007e9031a00183b07240006c4a707a6b01500000000000000020800000000000000000007e903191519011bfd1f140d0a,,
25/03/2025,21:32:54,S,+SACK:1bfd$,,
25/03/2025,21:32:54,D,2b4253500700fe2fbf006380200309020915564a5806025d61033600000100220a10010100000000000240fcf2e873fe9c1d5007e9031a00190407240006c4a707a6b01500000000000000020800000000000000000007e903191519061bfeaf520d0a,,
25/03/2025,21:32:54,S,+SACK:1bfe$,,
25/03/2025,21:32:55,D,2b4253500700fe2fbf006380200309020915564a5806025d61033600000100220a10010100000000000240fcf2e873fe9c1d5007e9031a00190907240006c4a707a6b01500000000000000020800000000000000000007e9031915190b1bffef890d0a,,
25/03/2025,21:32:55,S,+SACK:1bff$,,
25/03/2025,21:32:55,D,2b4253500700fe2fbf006380200309020915564a5806025d61033600000100220b10010100000000000240fcf2e873fe9c1d5007e9031a00190e07240006c4a707a6b01500000000000000020800000000000000000007e903191519101c0057030d0a,,
25/03/2025,21:32:55,S,+SACK:1c00$,,
25/03/2025,21:32:56,D,2b4253500700fe2fbf006380200309020915564a5806025d61033600000100220b10010100000000000240fcf2e873fe9c1d5007e9031a00191307240006c4a707a6b01500000000000000020800000000000000000007e903191519151c0116070d0a,,
25/03/2025,21:32:56,S,+SACK:1c01$,,
25/03/2025,21:32:56,D,2b4253500700fe2fbf006380200309020915564a5806025d61033600000100220c10010100000000000240fcf2e873fe9c1d5007e9031a00191807240006c4a707a6b01500000000000000020800000000000000000007e9031915191a1c0218120d0a,,
25/03/2025,21:32:56,S,+SACK:1c02$,,
25/03/2025,21:32:57,D,2b4253500700fe2fbf006380200309020915564a5806025d61033600000100220c10010100000000000240fcf2e873fe9c1d5007e9031a00191d07240006c4a707a6b01500000000000000020800000000000000000007e9031915191f1c03a5570d0a,,
25/03/2025,21:32:57,S,+SACK:1c03$,,
25/03/2025,21:32:57,D,2b4253500700fe2fbf006380200309020915564a5806025d61033600000100220c10010100000000000240fcf2e873fe9c1d5007e9031a00192207240006c4a707a6b01500000000000000020800000000000000000007e903191519241c04c3fb0d0a,,
25/03/2025,21:32:57,S,+SACK:1c04$,,
25/03/2025,21:32:58,D,2b4253500700fe2fbf006380200309020915564a5806025d61033600000100210b10010100000000000240fcf2e873fe9c1d5007e9031a00192707240006c4a707a6b01500000000000000020800000000000000000007e903191519291c05de3c0d0a,,
25/03/2025,21:32:58,S,+SACK:1c05$,,
25/03/2025,21:32:58,D,2b4253500700fe2fbf006380200309020915564a5806025d61033600000100210c10010100000000000240fcf2e873fe9c1d5007e9031a00192c07240006c4a707a6b01500000000000000020800000000000000000007e9031915192e1c0679880d0a,,
25/03/2025,21:32:58,S,+SACK:1c06$,,
25/03/2025,21:32:59,D,2b4253500700fe2fbf006380200309020915564a5806025d61033600000100210c10010100000000000240fcf2e873fe9c1d5007e9031a00193107240006c4a707a6b01500000000000000020800000000000000000007e903191519331c07d24e0d0a,,
25/03/2025,21:32:59,S,+SACK:1c07$,,
25/03/2025,21:32:59,D,2b4253500700fe2fbf006380200309020915564a5806025d61033600000100220c10010100000000000240fcf2e873fe9c1d5007e9031a00193607240006c4a707a6b01500000000000000020800000000000000000007e903191519381c083e040d0a,,
25/03/2025,21:32:59,S,+SACK:1c08$,,
25/03/2025,21:33:00,D,2b4253500700fe2fbf006380200309020915564a5806025d61033600000100220b10010100000000000240fcf2e873fe9c1d5007e9031a00193b07240006c4a707a6b01500000000000000020800000000000000000007e90319151a011c0987920d0a,,
25/03/2025,21:33:00,S,+SACK:1c09$,,
25/03/2025,21:33:00,D,2b4253500700fe2fbf006380200309020915564a5806025d61033600000100220b10010100000000000240fcf2e873fe9c1d5007e9031a001a0407240006c4a707a6b01500000000000000020800000000000000000007e90319151a061c0a7a800d0a,,
25/03/2025,21:33:00,S,+SACK:1c0a$,,
25/03/2025,21:33:01,D,2b4253500700fe2fbf006380200309020915564a5806025d61033600000100220c10010100000000000240fcf2e873fe9c1d5007e9031a001a0907240006c4a707a6b01500000000000000020800000000000000000007e90319151a0b1c0b41af0d0a,,
25/03/2025,21:33:01,S,+SACK:1c0b$,,
25/03/2025,21:33:01,D,2b4253500700fe2fbf006380200309020915564a5806025d61033700000100220c10010100000000000240fcf2e873fe9c1d5007e9031a001a0e07240006c4a707a6b01500000000000000020800000000000000000007e90319151a101c0c7d400d0a,,
25/03/2025,21:33:01,S,+SACK:1c0c$,,
25/03/2025,21:33:02,D,2b4253500700fe2fbf006380200309020915564a5806025d61033700000100220c10010100000000000240fcf2e873fe9c1d5007e9031a001a1307240006c4a707a6b01500000000000000020800000000000000000007e90319151a151c0d3c440d0a,,
25/03/2025,21:33:02,S,+SACK:1c0d$,,
25/03/2025,21:33:02,D,2b4253500700fe2fbf006380200309020915564a5806025d61033700000100220c10010100000000000240fcf2e873fe9c1d5007e9031a001a1807240006c4a707a6b01500000000000000020800000000000000000007e90319151a1a1c0e49a50d0a,,
25/03/2025,21:33:03,S,+SACK:1c0e$,,
25/03/2025,21:33:03,D,2b4253500700fe2fbf006380200309020915564a5806025d61033700000100220c10010100000000000240fcf2e873fe9c1d5007e9031a001a1d07240006c4a707a6b01500000000000000020800000000000000000007e90319151a1f1c0ff4e00d0a,,
25/03/2025,21:33:03,S,+SACK:1c0f$,,
25/03/2025,21:33:03,D,2b4253500700fe2fbf006380200309020915564a5806025d61033700000100220c10010100000000000240fcf2e873fe9c1d5007e9031a001a2207240006c4a707a6b01500000000000000020800000000000000000007e90319151a241c1001750d0a,,
25/03/2025,21:33:03,S,+SACK:1c10$,,
25/03/2025,21:33:04,D,2b4253500700fe2fbf006380200309020915564a5806025d61033700000100220b10010100000000000240fcf2e873fe9c1d5007e9031a001a2707240006c4a707a6b01500000000000000020800000000000000000007e90319151a291c116e650d0a,,
25/03/2025,21:33:04,S,+SACK:1c11$,,
25/03/2025,21:33:04,D,2b4253500700fe2fbf006380200309020915564a5806025d61033700000100220c10010100000000000240fcf2e873fe9c1d5007e9031a001a2c07240006c4a707a6b01500000000000000020800000000000000000007e90319151a2e1c12c9d10d0a,,
25/03/2025,21:33:04,S,+SACK:1c12$,,
25/03/2025,21:33:05,D,2b4253500700fe2fbf006380200309020915564a5806025d61033700000100210a10010100000000000240fcf2e873fe9c1d5007e9031a001a3107240006c4a707a6b01500000000000000020800000000000000000007e90319151a331c1378c80d0a,,
25/03/2025,21:33:05,S,+SACK:1c13$,,
25/03/2025,21:33:05,D,2b4253500700fe2fbf006380200309020915564a5806025d61033700000100210c10010100000000000240fcf2e873fe9c1d5007e9031a001a3607240006c4a707a6b01500000000000000020800000000000000000007e90319151a381c151f740d0a,,
25/03/2025,21:33:05,S,+SACK:1c15$,,
25/03/2025,21:33:06,D,2b4253500700fe2fbf006380200309020915564a5806025d61033700000100210c10010100000000000240fcf2e873fe9c1d5007e9031a001a3b07240006c4a707a6b01500000000000000020800000000000000000007e90319151b011c16103c0d0a,,
25/03/2025,21:33:06,S,+SACK:1c16$,,
25/03/2025,21:33:06,D,2b4253500700fe2fbf006380200309020915564a5806025d61033700000100210c10010100000000000240fcf2e873fe9c1d5007e9031a001b0407240006c4a707a6b01500000000000000020800000000000000000007e90319151b061c1780380d0a,,
25/03/2025,21:33:06,S,+SACK:1c17$,,
25/03/2025,21:33:07,D,2b4253500700fe2fbf006380200309020915564a5806025d61033700000100220c10010100000000000240fcf2e873fe9c1d5007e9031a001b0907240006c4a707a6b01500000000000000020800000000000000000007e90319151b0b1c1853fa0d0a,,
25/03/2025,21:33:07,S,+SACK:1c18$,,
25/03/2025,21:33:07,D,2b4253500700fe2fbf006380200309020915564a5806025d61033700000100220c10010100000000000240fcf2e873fe9c1d5007e9031a001b0e07240006c4a707a6b01500000000000000020800000000000000000007e90319151b101c196fca0d0a,,
25/03/2025,21:33:07,S,+SACK:1c19$,,
25/03/2025,21:33:08,D,2b4253500700fe2fbf006380200309020915564a5806025d61033700000100220c10010100000000000240fcf2e873fe9c1d5007e9031a001b1307240006c4a707a6b01500000000000000020800000000000000000007e90319151b151c1a0e8c0d0a,,
25/03/2025,21:33:08,S,+SACK:1c1a$,,
25/03/2025,21:33:08,D,2b4253500700fe2fbf006380200309020915564a5806025d61033700000100220c10010100000000000240fcf2e873fe9c1d5007e9031a001b1807240006c4a707a6b01500000000000000020800000000000000000007e90319151b1a1c1b5b2f0d0a,,
25/03/2025,21:33:08,S,+SACK:1c1b$,,
25/03/2025,21:33:09,D,2b4253500700fe2fbf006380200309020915564a5806025d61033700000100220c10010100000000000240fcf2e873fe9c1d5007e9031a001b1d07240006c4a707a6b01500000000000000020800000000000000000007e90319151b1f1c1c86ac0d0a,,
25/03/2025,21:33:09,S,+SACK:1c1c$,,
25/03/2025,21:33:10,D,2b4253500700fe2fbf006380200309020915564a5806025d61033700000100220710010100000000000240fcf2e873fe9c1d5007e9031a001b2207240006c4a707a6b01500000000000000020800000000000000000007e90319151b241c1d2b220d0a,,
25/03/2025,21:33:10,S,+SACK:1c1d$,,
25/03/2025,21:33:10,D,2b4253500700fe2fbf006380200309020915564a5806025d61033700000100220c10010100000000000240fcf2e873fe9c1d5007e9031a001b2707240006c4a707a6b01500000000000000020800000000000000000007e90319151b291c1eb4600d0a,,
25/03/2025,21:33:10,S,+SACK:1c1e$,,
25/03/2025,21:33:10,D,2b4253500700fe2fbf006380200309020915564a5806025d61033700000100210c10010100000000000240fcf2e873fe9c1d5007e9031a001b2c07240006c4a707a6b01500000000000000020800000000000000000007e90319151b2e1c1f3ab50d0a,,
25/03/2025,21:33:10,S,+SACK:1c1f$,,
25/03/2025,21:33:11,D,2b4253500700fe2fbf006380200309020915564a5806025d61033700000100210c10010100000000000240fcf2e873fe9c1d5007e9031a001b3107240006c4a707a6b01500000000000000020800000000000000000007e90319151b331c2046ee0d0a,,
25/03/2025,21:33:11,S,+SACK:1c20$,,
25/03/2025,21:33:11,D,2b4253500700fe2fbf006380200309020915564a5806025d61033700000100210c10010100000000000240fcf2e873fe9c1d5007e9031a001b3607240006c4a707a6b01500000000000000020800000000000000000007e90319151b381c2139bd0d0a,,
25/03/2025,21:33:11,S,+SACK:1c21$,,
25/03/2025,21:33:12,D,2b4253500700fe2fbf006380200309020915564a5806025d61033700000100210c10010100000000000240fcf2e873fe9c1d5007e9031a001b3b07240006c4a707a6b01500000000000000020800000000000000000007e90319151c011c22116c0d0a,,
25/03/2025,21:33:12,S,+SACK:1c22$,,
25/03/2025,21:33:12,D,2b4253500700fe2fbf006380200309020915564a5806025d61033700000100210c10010100000000000240fcf2e873fe9c1d5007e9031a001c0407240006c4a707a6b01500000000000000020800000000000000000007e90319151c061c2356940d0a,,
25/03/2025,21:33:12,S,+SACK:1c23$,,
25/03/2025,21:33:13,D,2b4253500700fe2fbf006380200309020915564a5806025d61033700000100210b10010100000000000240fcf2e873fe9c1d5007e9031a001c0907240006c4a707a6b01500000000000000020800000000000000000007e90319151c0b1c240d7d0d0a,,
25/03/2025,21:33:13,S,+SACK:1c24$,,
25/03/2025,21:33:13,D,2b4253500700fe2fbf006380200309020915564a5806025d61033700000100210c10010100000000000240fcf2e873fe9c1d5007e9031a001c0e07240006c4a707a6b01500000000000000020800000000000000000007e90319151c101c254ab90d0a,,
25/03/2025,21:33:14,S,+SACK:1c25$,,
25/03/2025,21:33:14,D,2b4253500700fe2fbf006380200309020915564a5806025d61033700000100210c10010100000000000240fcf2e873fe9c1d5007e9031a001c1307240006c4a707a6b01500000000000000020800000000000000000007e90319151c151c262bff0d0a,,
25/03/2025,21:33:14,S,+SACK:1c26$,,
25/03/2025,21:33:14,D,2b4253500700fe2fbf006380200309020915564a5806025d61033800000100210810010100000000000240fcf2e873fe9c1d5007e9031a001c1807240006c4a707a6b01500000000000000020800000000000000000007e90319151c1a1c2731690d0a,,
25/03/2025,21:33:14,S,+SACK:1c27$,,
25/03/2025,21:33:15,D,2b4253500700fe2fbf006380200309020915564a5806025d61033800000100210a10010100000000000240fcf2e873fe9c1d5007e9031a001c1d07240006c4a707a6b01500000000000000020800000000000000000007e90319151c1f1c284a1a0d0a,,
25/03/2025,21:33:15,S,+SACK:1c28$,,
25/03/2025,21:33:15,D,2b4253500700fe2fbf006380200309020915564a5806025d61033800000100210c10010100000000000240fcf2e873fe9c1d5007e9031a001c2207240006c4a707a6b01500000000000000020800000000000000000007e90319151c241c2924780d0a,,
25/03/2025,21:33:16,S,+SACK:1c29$,,
25/03/2025,21:33:16,D,2b4253500700fe2fbf006380200309020915564a5806025d61033800000100210c10010100000000000240fcf2e873fe9c1d5007e9031a001c2707240006c4a707a6b01500000000000000020800000000000000000007e90319151c291c2a10de0d0a,,
25/03/2025,21:33:16,S,+SACK:1c2a$,,
25/03/2025,21:33:16,D,2b4253500700fe2fbf006380200309020915564a5806025d61033800000100210c10010100000000000240fcf2e873fe9c1d5007e9031a001c2c07240006c4a707a6b01500000000000000020800000000000000000007e90319151c2e1c2becdc0d0a,,
25/03/2025,21:33:16,S,+SACK:1c2b$,,
25/03/2025,21:33:17,D,2b4253500700fe2fbf006380200309020915564a5806025d61033800000100210c10010100000000000240fcf2e873fe9c1d5007e9031a001c3107240006c4a707a6b01500000000000000020800000000000000000007e90319151c331c2c27dc0d0a,,
25/03/2025,21:33:17,S,+SACK:1c2c$,,
25/03/2025,21:33:18,D,2b4253500700fe2fbf006380200309020915564a5806025d61033800000100210b10010100000000000240fcf2e873fe9c1d5007e9031a001c3607240006c4a707a6b01500000000000000020800000000000000000007e90319151c381c2d237b0d0a,,
25/03/2025,21:33:18,S,+SACK:1c2d$,,
25/03/2025,21:33:18,D,2b4253500700fe2fbf006380200309020915564a5806025d61033800000100210c10010100000000000240fcf2e873fe9c1d5007e9031a001c3b07240006c4a707a6b01500000000000000020800000000000000000007e90319151d011c2e57c70d0a,,
25/03/2025,21:33:18,S,+SACK:1c2e$,,
25/03/2025,21:33:19,D,2b4253500700fe2fbf006380200309020915564a5806025d61033800000100210c10010100000000000240fcf2e873fe9c1d5007e9031a001d0407240006c4a707a6b01500000000000000020800000000000000000007e90319151d061c2fc7c30d0a,,
25/03/2025,21:33:19,S,+SACK:1c2f$,,
25/03/2025,21:33:19,D,2b4253500700fe2fbf006380200309020915564a5806025d61033800000100210c10010100000000000240fcf2e873fe9c1d5007e9031a001d0907240006c4a707a6b01500000000000000020800000000000000000007e90319151d0b1c3164c60d0a,,
25/03/2025,21:33:19,S,+SACK:1c31$,,
25/03/2025,21:33:19,D,2b4253500700fe2fbf006380200309020915564a5806025d61033800000100210b10010100000000000240fcf2e873fe9c1d5007e9031a001d0e07240006c4a707a6b01500000000000000020800000000000000000007e90319151d101c3203400d0a,,
25/03/2025,21:33:20,S,+SACK:1c32$,,
25/03/2025,21:33:20,D,2b4253500700fe2fbf006380200309020915564a5806025d61033800000100210c10010100000000000240fcf2e873fe9c1d5007e9031a001d1307240006c4a707a6b01500000000000000020800000000000000000007e90319151d151c3339b00d0a,,
25/03/2025,21:33:20,S,+SACK:1c33$,,
25/03/2025,21:33:20,D,2b4253500700fe2fbf006380200309020915564a5806025d61033800000100210c10010100000000000240fcf2e873fe9c1d5007e9031a001d1807240006c4a707a6b01500000000000000020800000000000000000007e90319151d1a1c340cd50d0a,,
25/03/2025,21:33:21,S,+SACK:1c34$,,
25/03/2025,21:33:21,D,2b4253500700fe2fbf006380200309020915564a5806025d61033900000100210c10010100000000000240fcf2e873fe9c1d5007e9031a001d1d07240006c4a707a6b01500000000000000020800000000000000000007e90319151d1f1c35d1890d0a,,
25/03/2025,21:33:21,S,+SACK:1c35$,,
25/03/2025,21:33:22,D,2b4253500700fe2fbf006380200309020915564a5806025d61033900000100210c10010100000000000240fcf2e873fe9c1d5007e9031a001d2207240006c4a707a6b01500000000000000020800000000000000000007e90319151d241c36f7a10d0a,,
25/03/2025,21:33:22,S,+SACK:1c36$,,
25/03/2025,21:33:22,D,2b4253500700fe2fbf006380200309020915564a5806025d61033900000100210c10010100000000000240fcf2e873fe9c1d5007e9031a001d2707240006c4a707a6b01500000000000000020800000000000000000007e90319151d291c37e3450d0a,,
25/03/2025,21:33:22,S,+SACK:1c37$,,
25/03/2025,21:33:23,D,2b4253500700fe2fbf006380200309020915564a5806025d61033900000100210c10010100000000000240fcf2e873fe9c1d5007e9031a001d2c07240006c4a707a6b01500000000000000020800000000000000000007e90319151d2e1c38fe890d0a,,
25/03/2025,21:33:23,S,+SACK:1c38$,,
25/03/2025,21:33:23,D,2b4253500700fe2fbf006380200309020915564a5806025d61033900000100210c10010100000000000240fcf2e873fe9c1d5007e9031a001d3107240006c4a707a6b01500000000000000020800000000000000000007e90319151d331c39554f0d0a,,
25/03/2025,21:33:23,S,+SACK:1c39$,,
25/03/2025,21:33:24,D,2b4253500700fe2fbf006380200309020915564a5806025d61033900000100210a10010100000000000240fcf2e873fe9c1d5007e9031a001d3607240006c4a707a6b01500000000000000020800000000000000000007e90319151d381c3a62560d0a,,
25/03/2025,21:33:24,S,+SACK:1c3a$,,
25/03/2025,21:41:40,D,2b484244ef2280200309020915564a5806025d610307e903191529291c5a8d9e0d0a
25/03/2025,21:41:40,S,+SACK:GTHBD,8020030902,1c5a$
25/03/2025,21:43:40,D,2b484244ef2280200309020915564a5806025d610307e90319152b291c5b70d70d0a
25/03/2025,21:43:40,S,+SACK:GTHBD,8020030902,1c5b$
25/03/2025,21:45:40,D,2b484244ef2280200309020915564a5806025d610307e90319152d291c5c27a90d0a
25/03/2025,21:45:40,S,+SACK:GTHBD,8020030902,1c5c$
25/03/2025,21:47:40,D,2b484244ef2280200309020915564a5806025d610307e90319152f291c5ddae00d0a
25/03/2025,21:47:40,S,+SACK:GTHBD,8020030902,1c5d$
25/03/2025,21:49:40,D,2b484244ef2280200309020915564a5806025d610307e903191531291c5e537e0d0a
25/03/2025,21:49:40,S,+SACK:GTHBD,8020030902,1c5e$
25/03/2025,22:41:33,D,2b484244ef2280200309020915564a5806025d610307e903191628211c7479f50d0a
25/03/2025,22:41:33,S,+SACK:GTHBD,8020030902,1c74$
25/03/2025,22:41:33,D,2b4556540c00fe7fbf006680200309020915564a5806025d61035b2bed000000000100210c010100000000000252fcf2e802fe9c1e6507e9031a01281107240006c4a707a6b03300000000000000020800000000000000000007e903191628131c73f90b0d0a
25/03/2025,22:41:33,S,+SACK:1c73$
25/03/2025,22:41:34,D,2b41434b0b6f2680200309020915564a5806025d610300ffff07e903191628351c75dfde0d0a
25/03/2025,22:41:34,S,+SACK:1c75$
25/03/2025,22:41:34,D,2b5253500700fe2fbf006380200309020915564a5806025d61035b00000100210c10010100000000000252fcf2e802fe9c1e6507e9031a01283507240006c4a707a6b01500000000000000020800000000000000000007e903191628361c76d1670d0a
25/03/2025,22:41:34,S,+SACK:1c76$
25/03/2025,22:41:35,D,2b5253500700fe2fbf006380200309020915564a5806025d61035b00000100210b10010100000000000252fcf2e802fe9c1e6507e9031a01283a07240006c4a707a6b01500000000000000020800000000000000000007e903191629001c7770bf0d0a
25/03/2025,22:41:35,S,+SACK:1c77$
25/03/2025,22:41:35,D,2b5253500700fe2fbf006380200309020915564a5806025d61035b00000100210810010100000000000252fcf2e802fe9c1e6507e9031a01290307240006c4a707a6b01500000000000000020800000000000000000007e903191629051c7820090d0a
25/03/2025,22:41:35,S,+SACK:1c78$
25/03/2025,22:41:36,D,2b5253500700fe2fbf006380200309020915564a5806025d61035b00000100210c10010100000000000252fcf2e802fe9c1e6507e9031a01290807240006c4a707a6b01500000000000000020800000000000000000007e9031916290a1c793a5a0d0a
25/03/2025,22:41:36,S,+SACK:1c79$
25/03/2025,22:41:36,D,2b5253500700fe2fbf006380200309020915564a5806025d61035b00000100210a10010100000000000252fcf2e802fe9c1e6507e9031a01290d07240006c4a707a6b01500000000000000020800000000000000000007e9031916290f1c7acf550d0a
25/03/2025,22:41:36,S,+SACK:1c7a$
25/03/2025,22:41:37,D,2b5253500700fe2fbf006380200309020915564a5806025d61035b00000100220c10010100000500000243fcf2e7effe9c1e8c07e9031a01291207240006c4a707a6b01500000000000000020800000000000000000007e903191629141c7bc0610d0a
25/03/2025,22:41:37,S,+SACK:1c7b$
25/03/2025,22:41:37,D,2b5253500700fe2fbf006380200309020915564a5806025d61035b00000100220a10010100000000000243fcf2e7effe9c1e8c07e9031a01291707240006c4a707a6b01500000000000000020800000000000000000007e903191629191c7c1c780d0a
25/03/2025,22:41:37,S,+SACK:1c7c$
25/03/2025,22:41:38,D,2b5253500700fe2fbf006380200309020915564a5806025d61035b00000100220810010200000000000243fcf2e7effe9c1e8c07e9031a01291c07240006c4a707a6b01500000000000000020800000000000000000007e9031916291e1c7d1a720d0a
25/03/2025,22:41:38,S,+SACK:1c7d$
25/03/2025,22:41:38,D,2b5253500700fe2fbf006380200309020915564a5806025d61035b00000100220c10010100000000000243fcf2e7effe9c1e8c07e9031a01292107240006c4a707a6b01500000000000000020800000000000000000007e903191629231c7ec5ed0d0a
25/03/2025,22:41:38,S,+SACK:1c7e$
25/03/2025,22:41:39,D,2b5253500700fe2fbf006380200309020915564a5806025d61035b00000100220a10010100000000000243fcf2e7effe9c1e8c07e9031a01292607240006c4a707a6b01500000000000000020800000000000000000007e903191629281c7fd2b60d0a
25/03/2025,22:41:39,S,+SACK:1c7f$
25/03/2025,22:41:43,D,2b5253500700fe2fbf006380200309020915564a5806025d61035c00000100220810010200000000000243fcf2e7effe9c1e8c07e9031a01292b07240006c4a707a6b01500000000000000020800000000000000000007e9031916292d1c80ff7b0d0a
25/03/2025,22:41:43,S,+SACK:1c80$
25/03/2025,22:41:48,D,2b5253500700fe2fbf006380200309020915564a5806025d61035c00000100220910010100000000000243fcf2e7effe9c1e8c07e9031a01293007240006c4a707a6b01500000000000000020800000000000000000007e903191629321c818fc90d0a
25/03/2025,22:41:48,S,+SACK:1c81$
25/03/2025,22:41:53,D,2b5253500700fe2fbf006380200309020915564a5806025d61035c00000100210c10010100000000000243fcf2e7effe9c1e8c07e9031a01293507240006c4a707a6b01500000000000000020800000000000000000007e903191629371c823c150d0a
25/03/2025,22:41:53,S,+SACK:1c82$
25/03/2025,22:41:58,D,2b5253500700fe2fbf006380200309020915564a5806025d61035c00000100210c10010100000000ee0243fcf2e7effe9c1e8c07e9031a01293a07240006c4a707a6b01500000000000000020800000000000000000007e90319162a001c8349e80d0a
25/03/2025,22:41:58,S,+SACK:1c83$
